case_id,client_segment,jurisdiction,service_line,claim_value_band,attachments_present,historical_outcome,free_text_summary,handler_notes,severe_legal_or_regulatory_risk,business_critical_impact,potential_fraud,conflicting_information,complex_incident_details,policy_interpretation_issues,legal_disputes,jurisdictional_complexity,coverage_terms_unclear,exclusions_may_apply,new_or_unusual_claim_type,unclear_incident_description,claim_invalid_or_fraudulent,required_conditions_not_met,has_regulator_involvement,has_cross_border_elements,has_time_sensitivity,has_missing_documentation,mentions_fraud_or_arson,risk_summary
C-00192,SMB,UK,Advisory,50k-250k,Yes,Accepted,Operational risk assessment requested. Timeline not specified.,Handler flagged missing attachments. Clarify scope and deliverables.,No,No,No,Yes,No,No,No,No,No,No,No,No,No,Yes,No,No,No,Yes,No,"The claim presents conflicting information due to missing attachments and unclarified scope and deliverables, which could hinder the assessment process."
C-00265,SMB,EU,Legal,50k-250k,No,Accepted,Employment dispute raised by former contractor. Evidence currently limited. No policy documents attached. Conflicting information reported by client.,Duplicate of earlier report suspected.,No,No,No,Yes,No,No data available,Yes,No,No data available,No data available,No,No data available,No,No data available,No,No,No,Yes,No,The claim presents a legal dispute risk due to conflicting information from the client and missing evidence. There is currently no indication of severe regulatory risks or potential fraud.
C-00289,SMB,UK,Advisory,>1m,No,Escalated,Client seeks decision support on risk controls. Regulator engagement anticipated. regulator visit.,Handler flagged missing attachments.,Yes,No,No,Yes,No,No,No,No,No,No,No,No,No,Yes,Yes,No,No,Yes,No,"The claim presents severe legal risks due to anticipated regulator engagement, compounded by potential missing documentation that may hinder the review process."
C-00337,SMB,US,Insurance,50k-250k,Yes,Settled,Incident reported at commercial premises. Theft of equipment reported. storm damage. Police reference number provided.,"Potential conflict in dates, needs review.",No,No,Yes,Yes,No,No,No,No,No,No,No,No,No,No,No,No,No,No,Yes,"The claim presents potential fraud indicators due to theft reporting and conflicting dates, requiring thorough review."
C-00724,SMB,US,Insurance,250k-1m,Yes,Unknown,Business interruption may apply. Basement affected. ip infringement.,No data Available,Yes,Yes,No,No data available,No,No,Yes,No,No,No,No,No,No,No,No,No,No,No data available,No,"The claim presents a potential business interruption risk due to basement damage and IP infringement issues, indicating possible legal disputes."
C-00751,SMB,Other,Legal,Unknown,Yes,Unknown,Employment dispute raised by former contractor. Multiple parties named. Police reference number provided.,Duplicate of earlier report suspected.,No,No,No,Yes,Yes,No,Yes,No,No,No,No,No,No,No,No,No,No,No,Yes,"The claim involves an employment dispute with multiple parties and has conflicting information, raising potential legal risks. Additionally, there is a police reference linked to the claim, suggesting possible investigations."
C-00796,Mid-Market,UK,Legal,>1m,Yes,Unknown,Dispute escalated to legal threat. Evidence currently limited. injunction. Supporting documents attached. Conflicting information reported by client.,No additional notes.,Yes,No,No,Yes,No,No,Yes,No,No,No,No,No,No,No,No,No,Yes,No,No,"The case involves a legal dispute with a potential injunction, indicating severe legal risk. Conflicting information from the client raises additional concerns."
C-01000,Mid-Market,EU,Insurance,>1m,Yes,Unknown,Client reports storm-related damage. Fire damage to warehouse. subsidence.,No additional notes.,No,Yes,No,No,Yes,No,No,No,No,No,No,No,No,No,No,No,No,No,No,"The claim involves storm-related damage, including fire and subsidence to a warehouse, which indicates a significant business-critical impact due to potential financial losses."
C-01002,SMB,UK,Insurance,250k-1m,No,Accepted,Damage reported following heavy rainfall. Theft of equipment reported. flood zone 3. No policy documents attached.,"Potential conflict in dates, needs review.",No,No,Yes,Yes,No,No,No,No,No,Yes,No,No,No,Yes,No,No,No,Yes,Yes,"The claim presents potential indicators of fraud related to theft and conflicting information about the timing of events. Additionally, there are missing policy documents and coverage exclusions due to the flood zone classification."
C-01027,Mid-Market,UK,Insurance,<50k,Yes,Settled,Incident reported at commercial premises. Basement affected. low value. Loss adjuster appointed.,"Potential conflict in dates, needs review. Check coverage exclusions.",No,No,No,Yes,No,No,No,No,No,Yes,No,No,No,No,No,No,No,No,No,"The claim exhibits conflicting information regarding dates and potential coverage exclusions, which necessitates further review."
C-01043,Mid-Market,EU,Insurance,250k-1m,Yes,Rejected,Damage reported following heavy rainfall. Roof compromised. flood zone.,Handler flagged missing attachments.,No,No,No,Yes,No,No,No,No,No,Yes,No,No,No,Yes,No,No,No,Yes,No,"The claim indicates potential issues with missing documentation and conflicting information, along with the possibility of policy exclusions due to the flood zone context."
C-01250,Mid-Market,UK,Insurance,Unknown,No,Unknown,Loss event impacting property and contents. Fire damage to warehouse. small crack.,"Potential conflict in dates, needs review.",No,Yes,No,Yes,No,No,No,No,No,No,No,No,No,No,No,No,No,No,No,"The claim involves a fire damage event at a warehouse impacting property and contents, with a noted potential conflict in dates that requires review."
C-01253,Enterprise,UK,Legal,>1m,Yes,Unknown,Dispute escalated to legal threat. Evidence currently limited. prior losses. Loss adjuster appointed.,Caller sounded uncertain; follow-up likely required. Consider limitation periods.,Yes,No,No,Yes,No,Yes,Yes,No,No,Yes,No,Yes,No,No,No,No,Yes,No,No,"The claim presents significant legal risks due to a related legal threat and prior losses, with conflicting information noted in the handler's notes. There are also limitations concerning time-sensitive actions that must be addressed."
C-01491,Mid-Market,UK,Insurance,50k-250k,Yes,Unknown,Damage reported following heavy rainfall. Basement affected. Policy schedule attached. Overseas elements present.,Handler flagged missing attachments.,No,No,No,Yes,No,No,No,Yes,No,No,No,No,No,Yes,No,Yes,No,Yes,No,"The claim involves damage due to heavy rainfall affecting the basement with overseas elements present, and is flagged for missing documentation and conflicting information."
C-01628,Mid-Market,US,Legal,250k-1m,Yes,Escalated,Dispute escalated to legal threat. Multiple parties named. regulator visit. Policy schedule attached.,Handler flagged missing attachments.,Yes,No,No,Yes,Yes,No,Yes,No,No,No,No,No,No,Yes,Yes,No,No,Yes,No,"The claim has escalated to a legal threat involving multiple parties and a regulator visit, indicating severe legal risk. Additionally, there are issues with missing documentation and conflicting information."
C-01697,SMB,EU,Legal,<50k,Yes,Unknown,Dispute escalated to legal threat. Governing law unclear. Police reference number provided.,No data Available,No,No,No,No data available,No,Yes,Yes,Yes,No,No,No,No,No,No,No,No,No,No data available,Yes,"The claim involves a legal dispute with unclear governing law and a police reference, indicating a potential for significant legal complications."
C-01838,Enterprise,EU,Insurance,250k-1m,Yes,Accepted,Client reports storm-related damage. Roof compromised. data protection incident.,Duplicate of earlier report suspected.,No,No,Yes,Yes,No,No,No,No,No,No,No,No,No,No,Yes,No,No,No,Yes,"The claim may involve potential fraud due to duplicate reporting suspicion, alongside a storm-related incident with legal ramifications concerning data protection."
C-01929,Enterprise,Other,Insurance,50k-250k,Yes,Accepted,Client reports storm-related damage. Basement affected. storm damage.,No data Available,No,No,No,No,No,No,No,No,No,No,No,No,No,No,No,No,No,No,No,"The claim involves storm-related damage to a basement, which has been historically accepted without indications of fraud or regulatory issues."
C-02183,Enterprise,UK,Insurance,>1m,Yes,Escalated,Client reports storm-related damage. Theft of equipment reported. hurricane. Supporting documents attached.,No additional notes. Check coverage exclusions.,No,Yes,Yes,No,No,No,No,No,No,Yes,No,No,No,No,No,No,No,No,Yes,"The claim involves storm-related damage and theft of equipment, indicating potential fraud risks and possible applicability of exclusions."
C-02227,Mid-Market,US,Insurance,50k-250k,Yes,Unknown,Client reports storm-related damage. Fire damage to warehouse. Policy schedule attached.,No data Available,No data available,Yes,No,No data available,No data available,No data available,No,No data available,No data available,No data available,No data available,No data available,No,No data available,No data available,No data available,No data available,No,Yes,"The claim involves potential storm-related and fire damage to a warehouse, posing a significant risk of business interruption and possible mention of arson."
C-02257,Mid-Market,US,Insurance,<50k,Yes,Unknown,Damage reported following heavy rainfall. Theft of equipment reported. small crack. Loss adjuster appointed.,No data Available,No,No,Yes,No,No,No,No,No,No,Yes,No,No,No,No,No,No,No,No,Yes,"The claim involves theft of equipment alongside damage from heavy rainfall, which may suggest potential fraud concerns. Additionally, exclusions related to flood damage may apply."
C-02428,SMB,UK,Insurance,50k-250k,Yes,Unknown,Business interruption may apply. Fire damage to warehouse. flood zone. Loss adjuster appointed.,Client requested urgent callback.,No,Yes,No,No,No,No,No,No,No,Yes,No,No,No,No,No,No,Yes,No,No,"This claim involves fire damage to a warehouse in a flood zone, indicating a potential business interruption risk. The urgency of the clientâ€™s request suggests time-sensitive actions are necessary."
C-02430,SMB,UK,Advisory,<50k,Yes,Unknown,Strategic risk review requested following acquisition. Stakeholders across multiple regions. Policy schedule attached.,Caller sounded uncertain; follow-up likely required.,No,No,No,Yes,No,Yes,No,No,Yes,No,No,No,No,No,No,Yes,No,No,No,The claim indicates possible conflicting information due to uncertainty expressed by the caller and concerns about policy terms following an acquisition. There may also be issues related to jurisdictional complexity since stakeholders are across multiple regions.
C-02467,SMB,UK,Legal,>1m,Yes,Unknown,Dispute escalated to legal threat. Jurisdiction disputed. flood zone 3.,Client requested urgent callback. Consider limitation periods.,Yes,No,No,No,No,Yes,Yes,Yes,No,Yes,No,No,No,No,No,Yes,Yes,No,No,"The claim involves a legal dispute with escalated threats and jurisdictional issues, indicating severe legal risk. Time sensitivity and unclear coverage due to flood zone implications further complicate the situation."
C-02509,Mid-Market,UK,Insurance,>1m,No,Unknown,Client reports storm-related damage. Basement affected. Evidence not yet supplied.,"Potential conflict in dates, needs review.",No,No,No,Yes,No,No,No,No,No,No,No,Yes,No,No,No,No,No,Yes,No,"The claim presents conflicting information regarding dates and lacks sufficient evidence for assessment, indicating a need for further review."
C-02568,SMB,US,Legal,>1m,No,Settled,Dispute escalated to legal threat. Jurisdiction disputed. No policy documents attached.,Duplicate of earlier report suspected.,Yes,No,No,Yes,No,Yes,Yes,Yes,No,No,No,No,No,Yes,No,No,No,Yes,No,"The claim involves a legal dispute with jurisdiction issues and lacks policy documents, which raises concerns about potential severe legal exposure and conflicting information."
C-02646,Mid-Market,Other,Legal,50k-250k,Yes,Accepted,Dispute escalated to legal threat. Governing law unclear. Cross-border considerations likely.,Client requested urgent callback. Consider limitation periods.,Yes,No,No,No,Yes,Yes,Yes,Yes,No,No,No,No,No,No,No,Yes,Yes,No,No,The claim presents severe legal risks due to a dispute that may escalate to legal actions. Jurisdictional complexities and urgency in addressing limitation periods further heighten the risk.
C-02719,SMB,US,Insurance,250k-1m,No,Unknown,Client reports storm-related damage. Basement affected. No supporting documentation provided.,No data Available,No,No,No,No,No,No,No,No,No,No,No,No,No,Yes,No,No,No,Yes,No,"The claim indicates storm-related damage but lacks necessary supporting documentation, suggesting potential issues with claim validation."
C-02743,SMB,UK,Legal,50k-250k,Yes,Escalated,Formal letter received from counterparty. Multiple parties named. breach of contract. Jurisdiction noted as UK.,Handler flagged missing attachments.,No,No,No,No,Yes,No,Yes,Yes,No,No,No,No,No,Yes,No,No,No,Yes,No,"The claim involves a breach of contract with multiple parties, indicating potential legal disputes and complexity in handling. Additionally, there are missing attachments noted, which could impact the claims process."
C-02868,SMB,UK,Advisory,50k-250k,No,Unknown,Client seeks decision support on risk controls. No immediate dispute. No supporting documentation provided. Conflicting information reported by client.,No data Available,No,No,No,Yes,No,No,No,No,No,No,No,No,No,Yes,No,No,No,Yes,No,"The claim presents conflicting information reported by the client and lacks supporting documentation, indicating potential risks related to required conditions not being met."
C-02875,Enterprise,No data Available,Advisory,>1m,No,Escalated,Strategic risk review requested following acquisition. Regulator engagement anticipated. No policy documents attached.,Client requested urgent callback.,Yes,No,No,No,No,No,No,No,No,No,No,No,No,No,Yes,No,Yes,Yes,No,"The claim is associated with a strategic risk review post-acquisition, involving regulatory engagement and urgent callback requested by the client, indicating potential severe legal or regulatory risk."
C-02914,SMB,EU,Insurance,250k-1m,No,Accepted,Damage reported following heavy rainfall. Water ingress noted. data protection incident. No supporting documentation provided.,No data Available,Yes,No,No,No,No,No,No,No,No,No,No,No,No,Yes,No,No,No,Yes,No,"This claim presents a legal risk due to a reported data protection incident and lacks supporting documentation, which may hinder proper assessment."
C-03059,SMB,UK,Advisory,<50k,Yes,Accepted,Client seeks decision support on risk controls. No immediate dispute. no supporting documentation. Police reference number provided.,"Potential conflict in dates, needs review.",No,No,Yes,Yes,No,No,No,No,No,No,No,Yes,No,Yes,No,No,No,Yes,Yes,"The claim presents risk signals due to conflicting information regarding dates and the absence of supporting documentation. Additionally, it raises potential fraud concerns linked to police involvement."
C-03208,Mid-Market,UK,Legal,250k-1m,Yes,Accepted,Employment dispute raised by former contractor. Multiple parties named. breach of contract. Jurisdiction noted as UK.,No data Available,Yes,No,No,No,Yes,No,Yes,Yes,No,No,No,No,No,No,No,No,No,No,No,"The claim involves an employment dispute with a breach of contract, presenting legal dispute risks due to multiple parties named and jurisdictional elements in the UK. Enhanced complexity arises from the nature of the multi-party dispute."
C-03240,SMB,EU,Insurance,250k-1m,Yes,Accepted,Loss event impacting property and contents. Fire damage to warehouse. regulator visit. Police reference number provided.,Client requested urgent callback. Check coverage exclusions.,Yes,Yes,No,No,No,No,No,No,No,Yes,No,No,No,No,Yes,No,Yes,No,No,"The claim involves a fire damaging a warehouse, leading to regulatory involvement and potential exclusions applying due to the nature of the incident. There is also a sense of urgency expressed by the client, indicating immediate attention may be required."
C-03290,SMB,EU,Advisory,<50k,Yes,Unknown,Strategic risk review requested following acquisition. Regulator engagement anticipated. Supporting documents attached.,No data Available,Yes,No,No,No data available,No,No,No,No,No,No,No,No,No,No,Yes,No,No,No,No,"The claim indicates a significant risk due to anticipated regulator engagement following an acquisition, raising potential legal or regulatory concerns."
C-03321,Mid-Market,UK,Legal,250k-1m,No,Unknown,Employment dispute raised by former contractor. Jurisdiction disputed. regulator visit.,Client requested urgent callback.,Yes,No,No,No,No,No,Yes,Yes,No,No,No,No,No,No,Yes,Yes,Yes,No,No,"This claim involves an employment dispute with a former contractor and indicates both regulator involvement and jurisdictional complexity, presenting potential legal risks."
C-03411,Mid-Market,US,Advisory,50k-250k,No,Escalated,Client requesting advice on regulatory exposure. Stakeholders across multiple regions. governing law unclear.,Caller sounded uncertain; follow-up likely required.,Yes,No,No,No,No,Yes,No,Yes,No,No,No,No,No,No,No,Yes,No,No,No,The claim indicates severe legal or regulatory risk due to uncertainty in governing law and potential jurisdictional complexity involving stakeholders across multiple regions.
C-03432,SMB,UK,Legal,50k-250k,Yes,Unknown,Formal letter received from counterparty. Time-sensitive response required.,No data Available,No,No,No,No data available,No,No,Yes,No,No,No,No,No,No,No,No,No,Yes,No,No,"The claim involves a formal letter from a counterparty, indicating potential legal disputes, and requires a time-sensitive response."
C-03459,SMB,US,Insurance,50k-250k,Yes,Unknown,Loss event impacting property and contents. Theft of equipment reported. Loss adjuster appointed. Conflicting information reported by client.,Client requested urgent callback.,No,No,Yes,Yes,No,No,No,No,No,No,No,No,No,No,No,No,Yes,No,Yes,"The claim involves theft of equipment with conflicting information from the client, raising potential fraud concerns. Additionally, the client has requested an urgent callback, indicating time sensitivity in resolving this matter."
C-03464,SMB,US,Insurance,250k-1m,Yes,Unknown,Loss event impacting property and contents. Basement affected. Policy schedule attached.,No additional notes.,No,No,No,No,No,No,No,No,No,No,No,No,No,No,No,No,No,No,No,"The claim involves water damage to a basement, which is a common type of claim with no immediate signals of serious risk or uncertainty regarding the coverage."
C-03470,Mid-Market,UK,Advisory,250k-1m,No,Accepted,Strategic risk review requested following acquisition. Regulator engagement anticipated. injunction. Cross-border considerations likely.,No data Available,Yes,No,No,No,No,No,No,Yes,No,No,No,No,No,No,Yes,Yes,Yes,No,No,"The claim presents severe legal or regulatory risks due to expected regulator engagement and potential cross-border considerations, particularly with an injunction in place."
C-03560,Enterprise,UK,Advisory,250k-1m,Yes,Unknown,Operational risk assessment requested. Timeline not specified. hurricane. Overseas elements present.,Client requested urgent callback.,No,No,No,No,Yes,No,No,Yes,No,No,No,No,No,No,No,Yes,Yes,No,No,The claim presents complex incident details due to the involvement of overseas elements and time sensitivity associated with the operational risk assessment following a hurricane.
C-03568,Mid-Market,UK,Legal,250k-1m,Yes,Escalated,Potential breach of contract raised. Governing law unclear. subsidence. Conflicting information reported by client.,Caller sounded uncertain; follow-up likely required. Consider limitation periods.,No,No,No,Yes,No,Yes,Yes,No,No data available,No data available,No data available,No,No,No data available,No data available,No data available,Yes,No data available,No,"The claim presents risks related to a potential breach of contract and unclear governing law, exacerbated by conflicting information from the client, which may require prompt follow-up to address limitation periods."
C-03691,SMB,Other,Insurance,>1m,Yes,Escalated,Client reports storm-related damage. Roof compromised. regulator visit.,Duplicate of earlier report suspected.,Yes,No,No,Yes,No,No,No,No,No,No,No,No,No,No,Yes,No,No,No,No,"The claim indicates storm-related damage with regulator involvement and may be a duplicate report, leading to potential conflicting information."
C-04003,SMB,UK,Insurance,250k-1m,Yes,Rejected,Client reports storm-related damage. Theft of equipment reported. suspected arson. Cross-border considerations likely.,No additional notes. Check coverage exclusions.,No,No,Yes,No,Yes,No,No,Yes,No,Yes,No,No,No,No,No,Yes,No,No,Yes,"The claim includes multiple risk signals such as suspected fraud, possible arson, and cross-border considerations, along with policy exclusions that may apply."
C-04146,Enterprise,Other,Legal,50k-250k,No,Unknown,Dispute escalated to legal threat. Time-sensitive response required. flood zone 3. Overseas elements present.,No data Available,Yes,No,No,No data available,No,No,Yes,Yes,No,Yes,No,No,No,No,No,Yes,Yes,No,No,"The claim poses severe legal risks due to an escalating dispute with potential litigation, requiring a time-sensitive response and involving overseas elements. Additionally, it is in a flood zone, which suggests possible policy exclusions may apply."
C-04216,Enterprise,US,Insurance,250k-1m,Yes,Unknown,Loss event impacting property and contents. Fire damage to warehouse. regulator visit.,"Potential conflict in dates, needs review.",Yes,Yes,No,Yes,No,No,No,No,No,No,No,No,No,No,Yes,No,No,No,No,"The claim presents severe legal and regulatory risks due to a regulator visit and conflicting information regarding the dates. Additionally, there is a significant business impact due to fire damage to the warehouse."
C-04571,Mid-Market,US,Insurance,>1m,Yes,Unknown,Damage reported following heavy rainfall. Roof compromised. Loss adjuster appointed.,Caller sounded uncertain; follow-up likely required. Check coverage exclusions.,No,No,No,Yes,No,Yes,No,No,Yes,Yes,No,No,No,No,No,No,No,No,No,"The claim presents conflicting information regarding coverage, and there may be policy exclusions that need to be addressed following the reported roof damage due to heavy rainfall."
C-04580,Enterprise,EU,Advisory,50k-250k,No,Rejected,Client seeks decision support on risk controls. Scope unclear.,No additional notes.,No,No,No,No,No,Yes,No,No,Yes,No,No,Yes,No,No,No,No,No,No,No,"The claim presents issues regarding unclear risk controls and ambiguous scope, indicating possible policy interpretation challenges and insufficient detail in the incident description."
C-04657,Enterprise,UK,Advisory,>1m,No,Escalated,Request for compliance gap analysis. Scope unclear. Evidence not yet supplied.,Client requested urgent callback.,No,No data available,No,No,No,Yes,No,No,Yes,No,No,Yes,No,No,No,No,Yes,Yes,No,"The claim exhibits risks related to unclear scope, potential policy interpretation issues, and missing documentation, with an urgent request indicating time sensitivity."
C-04968,SMB,UK,Insurance,250k-1m,No,Unknown,Business interruption may apply. Roof compromised. ip infringement. No supporting documentation provided.,"Potential conflict in dates, needs review. Check coverage exclusions.",Yes,Yes,No,Yes,No,No,Yes,No,No,Yes,No,Yes,No,Yes,No,No,No,Yes,No,"The claim presents potential severe legal risks due to IP infringement allegations and ambiguous coverage terms, compounded by missing documentation and conflicting information regarding dates."
C-05023,SMB,Other,Legal,50k-250k,Yes,Unknown,Dispute escalated to legal threat. Governing law unclear. business interruption.,No data Available,Yes,Yes,No,No data available,No,Yes,Yes,Yes,No,No,No,No,No,No,No,Yes,No,No,No,"The claim involves a legal dispute with unclear governing law and potential business interruption, indicating significant legal and business risks. The presence of regulatory uncertainties and cross-border elements further complicates the situation."
C-05030,SMB,UK,Insurance,>1m,Yes,Settled,Business interruption may apply. Fire damage to warehouse.,No data Available,No,Yes,No,No data available,No,No,No,No,No,No,No,No,No,No,No,No,No,No,No,"The claim involves business interruption due to fire damage to a warehouse, indicating a significant risk of financial loss."
C-05062,Enterprise,EU,Legal,50k-250k,Yes,Rejected,Formal letter received from counterparty. Multiple parties named. breach of contract. Supporting documents attached. Overseas elements present.,No data Available,No,No,No,No data available,Yes,No,Yes,Yes,No,No,No,No,No,No,No,Yes,No,No,No,"The claim involves multiple parties in a breach of contract scenario, with overseas elements adding complexity. Historical outcomes suggest a potential for legal disputes."
C-05122,Mid-Market,UK,Insurance,>1m,Yes,Accepted,Damage reported following heavy rainfall. Theft of equipment reported.,Client requested urgent callback.,No,No,Yes,No,No,No,No,No,No,Yes,No,No,No,No,No,No,Yes,No data available,Yes,"The claim indicates potential fraud due to equipment theft following heavy rainfall, which may raise concerns about intentional misrepresentation. Additionally, there is a sense of urgency expressed by the client, highlighting the need for prompt action."
C-05369,Mid-Market,UK,Insurance,<50k,Yes,Unknown,Client reports storm-related damage. Water ingress noted. Police reference number provided.,No data Available,No,No,Yes,No,No,No,No,No,No,No,No,No,No data available,No,No,No,No,No,Yes,The claim indicates potential fraud due to police involvement and reports of storm-related damage. There are no significant legal exposures or complexities identified.
C-05409,Enterprise,UK,Legal,<50k,Yes,Unknown,Employment dispute raised by former contractor. Jurisdiction disputed. low value.,Client requested urgent callback.,No,No,No,No,No,No,Yes,Yes,No,No,No,No,No,No,No,No,Yes,No,No,"The claim involves an employment dispute with jurisdictional complexities, indicating potential legal risks. There is an urgent request for follow-up, suggesting time sensitivity."
C-05523,Mid-Market,UK,Insurance,250k-1m,Yes,Accepted,Client reports storm-related damage. Fire damage to warehouse.,Handler flagged missing attachments. Check coverage exclusions.,No,Yes,No,Yes,No,No,No,No,No,Yes,No,No,No,Yes,No,No,No,Yes,No,"The claim involves significant damage to a warehouse due to a storm, which can lead to business-critical financial impacts; however, there are concerns regarding missing documentation and potential policy exclusions."
C-05550,Enterprise,UK,Insurance,<50k,Yes,Unknown,Business interruption may apply. Water ingress noted.,Duplicate of earlier report suspected.,No,Yes,No,Yes,No,No,No,No,No,No,No,No,No,No,No,No,No,No,No,"The claim indicates a potential business interruption due to water ingress. There are signals of conflicting information, as it may be a duplicate of an earlier report."
C-05609,Mid-Market,EU,Legal,250k-1m,Yes,Escalated,Employment dispute raised by former contractor. Time-sensitive response required. Loss adjuster appointed.,Caller sounded uncertain; follow-up likely required. Consider limitation periods.,Yes,No,No,No,No,No,Yes,No,No,No,No,No,No,No,No,No,Yes,No,No,"The claim involves a time-sensitive employment dispute, requiring careful management due to potential legal exposure. A follow-up is needed due to caller uncertainty and to consider limitation periods."
C-05843,No data Available,UK,Insurance,50k-250k,No,Unknown,Loss event impacting property and contents. Fire damage to warehouse. storm damage.,No data Available,No,Yes,No,No data available,No,No,No,No,No,No,No,No,No,No,No,No,No,No,No,"The claim indicates significant fire and storm damage to property and contents, suggesting a business-critical impact; however, no regulatory or legal complexities are identified."
C-06138,SMB,US,Legal,250k-1m,Yes,Accepted,IP infringement allegation received. Governing law unclear. Cross-border considerations likely. Conflicting information reported by client.,Handler flagged missing attachments. Consider limitation periods.,No,No,No,Yes,Yes,Yes,Yes,Yes,No data available,No,No,No data available,No,Yes,No data available,Yes,Yes,Yes,No,"The claim involves allegations of IP infringement with conflicting client information and unclear governing law, indicating a need for careful assessment due to its cross-border implications and potential time sensitivity regarding limitation periods."
C-06198,SMB,UK,Insurance,250k-1m,Yes,Accepted,Client reports storm-related damage. Basement affected. suspected arson. Loss adjuster appointed.,No additional notes.,No,No,Yes,No,No,No,No,No,No,No,No,No,No,No,No,No,No,No,Yes,"The claim indicates storm-related damage with suspected arson, highlighting potential fraud risks. Historical acceptance suggests the claim may be valid but warrants further investigation."
C-06376,SMB,EU,Advisory,50k-250k,No,Unknown,Strategic risk review requested following acquisition. Regulator engagement anticipated. Evidence not yet supplied. Cross-border considerations likely.,Duplicate of earlier report suspected.,Yes,No,No,Yes,No,No,No,Yes,No,No,No,No,No,No,Yes,Yes,No,Yes,No,The claim indicates potential severe regulatory risks due to anticipated regulator engagement following an acquisition and suggests cross-border complexities. There are also concerns about conflicting information regarding the claim's status.
C-06398,SMB,UK,Insurance,50k-250k,No,Escalated,Damage reported following heavy rainfall. Water ingress noted. storm damage.,Caller sounded uncertain; follow-up likely required.,No,No,No,Yes,No,No,No,No,No,Yes,No,No,No,No,No,No,No,No,No,"The claim involves damage from heavy rainfall, with indications of uncertainty from the caller, suggesting a need for follow-up. There is a potential for policy exclusions to apply in this scenario."
C-06638,SMB,UK,Legal,<50k,Yes,Accepted,Employment dispute raised by former contractor. Governing law unclear. Policy schedule attached.,No data Available,No,No,No,No,No,Yes,Yes,Yes,No,No,No,No,No,No,No,Yes,No,No,No,"The claim involves an employment dispute with unclear governing law, indicating potential legal complexity and policy interpretation issues."
C-06679,Mid-Market,UK,Advisory,250k-1m,No,Unknown,Client seeks decision support on risk controls. No immediate dispute. injunction.,"Potential conflict in dates, needs review.",Yes,No,No,Yes,No,No,No,No,No,No,No,No,No,No,No,No,Yes,No,No,"There is a potential legal risk due to an injunction, and conflicting information regarding dates suggests further review is necessary."
C-06884,Mid-Market,US,Insurance,<50k,Yes,Unknown,Business interruption may apply. Water ingress noted. small crack. Loss adjuster appointed.,No data Available,No,Yes,No,No data available,No,No,No,No,No,No,No,No data available,No,No,No,No,No,No,No,"The claim indicates a potential business interruption due to water ingress and a small crack, which could impact operations."
C-06945,Enterprise,US,Insurance,<50k,No,Unknown,Business interruption may apply. Theft of equipment reported. small crack. No supporting documentation provided.,Client requested urgent callback. Check coverage exclusions.,No,Yes,No,No,No,No,No,No,No,Yes,No,No,No,Yes,No,No,Yes,Yes,Yes,"This claim presents risks of business interruption due to theft of equipment, with potential coverage exclusions and missing documentation raising concerns about validity."
C-06982,Mid-Market,EU,Advisory,>1m,Yes,Unknown,Client seeks decision support on risk controls. Scope unclear. Policy schedule attached.,No additional notes.,No,No,No,No,No,Yes,No,No,Yes,No,No,Yes,No,No,No,No,No,No,No,"The claim seeks decision support on risk controls, but the scope is unclear, indicating potential policy interpretation issues and an overall lack of detail regarding the incident."
C-07018,SMB,UK,Advisory,>1m,No,Accepted,Client requesting advice on regulatory exposure. Regulator engagement anticipated. No policy documents attached.,"Potential conflict in dates, needs review.",Yes,No,No,Yes,No,No,No,No,No,No,No,No,No,No,Yes,No,No,Yes,No,"The claim presents a severe legal or regulatory risk due to anticipated regulator engagement, but there is potential conflicting information regarding dates. Additionally, there are no policy documents attached."
C-07101,Enterprise,UK,Legal,250k-1m,Yes,Accepted,Dispute escalated to legal threat. Evidence currently limited. flood zone 3.,No data Available,Yes,No,No,No data available,No,No,Yes,No,No,Yes,No,No,No,No,No,No,No,No,No,"The claim involves a legal dispute that has escalated to a legal threat, suggesting significant risk exposure. Additionally, the claim is in a flood zone, which may raise concerns about coverage applicability."
C-07116,Mid-Market,UK,Insurance,<50k,No,Rejected,Loss event impacting property and contents. Roof compromised. minor.,No data Available,No,No,No,No,No,No,No,No,No,No,No,No,Yes,No,No,No,No,No,No,"The claim was historically rejected, indicating it may contain invalid elements or fail to meet required conditions."
C-07183,SMB,Other,Insurance,<50k,No,Accepted,Loss event impacting property and contents. Basement affected. No supporting documentation provided.,Duplicate of earlier report suspected.,No,No,Yes,Yes,No,No,No,No,No,No,No,No,No,Yes,No,No,No,Yes,No,"The claim raises potential fraud concerns due to the absence of supporting documentation and is suspected to be a duplicate of an earlier report. Additionally, required conditions for documentation may not have been met."
C-07290,Enterprise,UK,Insurance,50k-250k,Yes,Accepted,Damage reported following heavy rainfall. Water ingress noted.,No data Available,No,No,No,No,No,No,No,No,No,Yes,No,No,No,No,No,No,No,No,No,"The claim involves water damage due to heavy rainfall, with potential policy exclusions related to weather-related incidents."
C-07452,SMB,UK,Legal,50k-250k,Yes,Rejected,Formal letter received from counterparty. Multiple parties named. Loss adjuster appointed.,Client requested urgent callback.,Yes,No,No,No,Yes,No,Yes,No,No,No,No,No,No,No,No,No,Yes,No,No,"The claim involves a formal letter from the counterparty indicating legal disputes, with multiple parties involved, suggesting potential complexity. The client has requested an urgent callback, highlighting time sensitivity."
C-07499,Enterprise,EU,Insurance,50k-250k,Yes,Unknown,Incident reported at commercial premises. Fire damage to warehouse. flood zone.,"Potential conflict in dates, needs review. Check coverage exclusions.",No,Yes,No data available,Yes,No,Yes,No,No,Yes,Yes,No,No,No data available,No data available,No,No,No,No,No,"The claim involves fire damage to a warehouse in a flood zone, raising concerns about potential exclusions and ambiguous policy terms. Additionally, there are conflicting dates that require further review."
C-07565,SMB,EU,Legal,<50k,Yes,Rejected,Employment dispute raised by former contractor. Multiple parties named. Overseas elements present.,No data Available,No,No,No,No data available,Yes,No,Yes,Yes,No,No,No,No,No,No,No,Yes,No,No,No,"The claim involves an employment dispute with multiple parties and overseas elements, indicating complexity and potential jurisdictional issues."
C-07583,Enterprise,EU,Insurance,250k-1m,Yes,Rejected,Business interruption may apply. Basement affected. storm damage. Policy schedule attached. Jurisdiction noted as EU.,Caller sounded uncertain; follow-up likely required. Check coverage exclusions.,No,Yes,No,Yes,No,Yes,No,Yes,Yes,Yes,No,No,No,No,No,Yes,No,No,No,"The claim presents a business interruption concern due to storm damage, with potential coverage exclusions noted. There is conflicting information in the handler notes and the policy's coverage terms are unclear."
C-07881,SMB,EU,Advisory,50k-250k,Yes,Unknown,Operational risk assessment requested. Timeline not specified. ip infringement. Police reference number provided.,Duplicate of earlier report suspected.,Yes,No,Yes,Yes,No,No,Yes,No,No,No,No,No,No,No,Yes,No,No,No,Yes,"This claim involves an operational risk assessment related to potential IP infringement, with police involvement suggesting a heightened legal risk. Duplication of reports raises concerns over conflicting information."
C-07976,SMB,UK,Insurance,250k-1m,Yes,Rejected,Business interruption may apply. Basement affected. Jurisdiction noted as UK.,Duplicate of earlier report suspected. Check coverage exclusions.,No,Yes,No,Yes,No,Yes,No,Yes,Yes,Yes,No,No,No,No,No,No,No,No,No,"The claim involves potential business interruption and affected property, but there are concerns about conflicting information and possible coverage exclusions. It also highlights issues with jurisdiction and policy interpretation."
C-08066,Enterprise,UK,Legal,>1m,Yes,Accepted,Formal letter received from counterparty. Time-sensitive response required. data protection incident. Policy schedule attached. Overseas elements present.,No additional notes. Consider limitation periods.,Yes,No,No,No,No,No,Yes,Yes,No,No,No,No,No,No,No,Yes,Yes,No,No,"The claim involves a data protection incident requiring immediate response amidst legal disputes, with overseas elements indicating potential jurisdictional complexities."
C-08131,Enterprise,Other,Insurance,50k-250k,Yes,Escalated,Client reports storm-related damage. Basement affected. governing law unclear. Policy schedule attached. Overseas elements present.,Handler flagged missing attachments.,No,No,No,Yes,No,Yes,No,Yes,No,No,No,No,No,Yes,No,Yes,No,Yes,No,"The claim presents conflicting information and involves uncertainties regarding policy interpretation and jurisdiction due to overseas elements. Additionally, missing documentation has been flagged, which indicates potential risks in processing the claim."
C-08249,SMB,Other,Insurance,250k-1m,Yes,Settled,Client reports storm-related damage. Basement affected.,Handler flagged missing attachments.,No,No,No,Yes,No,No,No,No,No,No,No,No,No,Yes,No,No,No,Yes,No,"The claim presents conflicting information due to flagged missing attachments and may face complications from missing documentation, indicating the need for further investigation."
C-08251,Enterprise,UK,Insurance,250k-1m,Yes,Unknown,Damage reported following heavy rainfall. Basement affected. suspected arson.,Handler flagged missing attachments. Check coverage exclusions.,No,No,Yes,No,No,No,No,No,No,Yes,No,No,No,Yes,No,No,No,Yes,Yes,"The claim indicates potential fraud due to suspected arson, and there are concerns about missing documentation and possible coverage exclusions."
C-08253,Mid-Market,US,Insurance,250k-1m,Yes,Accepted,Damage reported following heavy rainfall. Fire damage to warehouse. breach of contract.,Caller sounded uncertain; follow-up likely required. Check coverage exclusions.,No,Yes,No,No,Yes,Yes,Yes,No,Yes,Yes,No,No,No,No,No,No,Yes,No,No,"The claim involves fire damage to a warehouse following heavy rainfall, indicating potential business-critical impact and legal disputes related to breach of contract. Additionally, there may be issues with coverage terms and applicable exclusions."
C-08279,SMB,US,Insurance,>1m,No,Unknown,Business interruption may apply. Theft of equipment reported. governing law unclear.,No data Available,No,Yes,No,No,No,Yes,No,Yes,No,No,No,No,No,No,No,No,No,No,Yes,"The claim highlights business interruption due to theft of equipment, raising concerns about policy interpretation given the unclear governing law."
C-08305,SMB,UK,Insurance,50k-250k,Yes,Rejected,Incident reported at commercial premises. Theft of equipment reported. governing law unclear. Cross-border considerations likely.,Duplicate of earlier report suspected.,No,No,Yes,Yes,No,Yes,No,Yes,No,No,No,No,No,No,No,Yes,No,No,Yes,"The claim shows potential fraud indicators and conflicting information, with jurisdictional complexities due to unclear governing law and cross-border elements."
C-08355,Enterprise,UK,Insurance,Unknown,No,Escalated,Damage reported following heavy rainfall ..  Fire damage to warehouse ..  No policy documents attached .. ,No data Available,No,Yes,No,No,No,No,No,No,No,Yes,No,No,No,Yes,No,No,No,Yes,No,"The claim presents a business-critical impact due to fire damage in a warehouse, while missing policy documents raises concerns about required conditions not being met and potential exclusions applying."
C-08388,SMB,UK,Insurance,<50k,No,Unknown,Damage reported following heavy rainfall. Fire damage to warehouse. No supporting documentation provided.,"Potential conflict in dates, needs review.",No,Yes,No data available,Yes,No,No,No,No,No,No,No,No,No,Yes,No,No,No,Yes,No,"The claim involves significant damage to a warehouse due to fire and heavy rainfall, raising business-critical impact concerns. Additionally, there are potential conflicting dates and no supporting documentation provided, indicating required conditions are not met."
C-08426,SMB,EU,Insurance,250k-1m,Yes,Accepted,Damage reported following heavy rainfall. Water ingress noted. subsidence. Police reference number provided.,No additional notes.,No,No,Yes,No,No,No,No,No,No,Yes,No,No,No,No,No,No,No,No,Yes,"The claim involves water damage and potential subsidence as a result of heavy rainfall, with a police reference suggesting possible fraud or suspicious activity. Policy exclusions related to flood damage may be applicable."
C-08557,Mid-Market,UK,Advisory,<50k,No,Unknown,Operational risk assessment requested. No immediate dispute. minor. No policy documents attached.,Duplicate of earlier report suspected.,No,No,No,Yes,No,No,No,No,No,No,No,No,No,No,No,No,No,Yes,No,"The claim indicates potential conflicting information due to suspicion of duplication, and it is missing policy documents, which may hinder resolution."
C-08587,Mid-Market,UK,Legal,50k-250k,Yes,Accepted,Dispute escalated to legal threat. Evidence currently limited. Police reference number provided.,No data Available,No,No,Yes,No data available,No,No,Yes,No,No,No,No,No data available,No data available,No data available,No,No,No data available,No data available,Yes,"The claim involves a legal dispute escalating to a legal threat, with limited evidence currently available, raising potential fraud concerns."
C-08588,No data Available,EU,Legal,250k-1m,Yes,Escalated,IP infringement allegation received. Jurisdiction disputed. Supporting documents attached.,No data Available,Yes,No,No,No,Yes,Yes,Yes,Yes,No,No,No,No,No,No,No,Yes,No,No,No,"The claim involves an IP infringement allegation with disputed jurisdiction, suggesting potential severe legal risks and complexities. Supporting documents are attached, but no handler notes are available."
C-08681,Mid-Market,UK,Advisory,>1m,Yes,Escalated,Request for compliance gap analysis. Regulator engagement anticipated. subsidence.,"Potential conflict in dates, needs review. Clarify scope and deliverables.",Yes,No,No,Yes,No,No,No,No,No,No,No,No,No,No,Yes,No,No,Yes,No,"The claim involves a compliance gap analysis with anticipated regulator engagement, indicating severe regulatory risk. There are conflicting date details that need to be clarified."
C-08799,SMB,EU,Insurance,50k-250k,No,Unknown,Incident reported at commercial premises. Fire damage to warehouse. storm damage. No policy documents attached. Conflicting information reported by client.,No data Available,No,Yes,No,Yes,No,No,No,No,No,No,No,No,No,Yes,No,No,No,Yes,No,"The claim involves fire and storm damage at a commercial warehouse, raising potential for significant financial impact. Conflicting information and missing documentation add to the risks associated with processing this claim."
C-08816,Enterprise,US,Insurance,<50k,Yes,Rejected,Damage reported following heavy rainfall. Basement affected. low value.,No data Available,No,No,No,No data available,No,No,No,No,No,Yes,No,No,No,No,No,No,No,No,No,"The claim involves water damage from heavy rainfall affecting a basement, which is a low-value claim but may face policy exclusions due to the nature of flood-related damage."
C-08943,Mid-Market,Other,Insurance,250k-1m,Yes,Rejected,Damage reported following heavy rainfall. Fire damage to warehouse. regulator visit.,Duplicate of earlier report suspected.,Yes,Yes,Yes,Yes,No,No,No,No,No,Yes,No,No,Yes,No,Yes,No,No,No,Yes,"The claim involves significant regulatory involvement due to a regulator visit, compounded by suspected fraud and potential for rejected coverage due to exclusions related to fire damage. There are conflicting notes about a duplicate report, raising concerns about the validity of the claim."
C-09129,Mid-Market,EU,Insurance,Unknown,Yes,Unknown,Client reports storm-related damage. Roof compromised. low value. Cross-border considerations likely. Conflicting information reported by client.,No data Available,No,No,No,Yes,No,No,No,Yes,No,No,No,No,No,No,No,Yes,No,No,No,"The claim presents conflicting information and has cross-border complexity, which may hinder the assessment process."
C-09160,Enterprise,EU,Legal,>1m,Yes,Settled,Potential breach of contract raised. Jurisdiction disputed. Cross-border considerations likely.,Caller sounded uncertain; follow-up likely required. Consider limitation periods.,No,No,No,Yes,Yes,Yes,Yes,Yes,No,No,No,No,No,No,No,Yes,Yes,No,No,"This claim presents legal disputes and jurisdictional complexity, with potential ambiguities in contract interpretation and a need for follow-up due to uncertainty in the details."
C-09247,SMB,UK,Legal,250k-1m,Yes,Accepted,Dispute escalated to legal threat. Time-sensitive response required. prior losses. Police reference number provided.,Client requested urgent callback. Consider limitation periods.,Yes,No,Yes,No,No,No,Yes,No,No,Yes,No,No,No,No,No,No,Yes,No,Yes,"The claim presents severe legal risks due to an escalation into a legal dispute and the need for urgent response, along with indicators of potential fraud and prior losses which may lead to policy exclusions."
C-09319,Mid-Market,EU,Insurance,<50k,No,Rejected,Incident reported at commercial premises. Basement affected. no supporting documentation. No policy documents attached.,No data Available,No,No,No,No,No,No,No,No,No,No,No,Yes,Yes,Yes,No,No,No,Yes,No,"The claim exhibits risk factors including unclear incident descriptions and missing documentation, raising concerns about its validity and compliance with policy requirements."
C-09460,Mid-Market,UK,Insurance,>1m,No,Escalated,Incident reported at commercial premises. Roof compromised. fire. Evidence not yet supplied.,No data Available,No,Yes,No,No data available,No,No,No,No,No,No,No,No,No,No,No,No,No,Yes,Yes,"The claim involves a fire incident at commercial premises, indicating potential for business-critical impact. There is missing evidence related to the compromise of the roof, and the claim includes mentions of fire, which raises concerns of possible fraud or arson."
C-09468,SMB,UK,Legal,>1m,Yes,Accepted,Dispute escalated to legal threat. Multiple parties named. fire.,Client requested urgent callback.,Yes,No,No,No,Yes,No,Yes,No,No,No,No,No,No,No,No,No,Yes,No,Yes,"The claim involves a legal dispute with multiple parties and an urgent callback request, indicating potential severe legal risks and time sensitivity."
C-09634,SMB,EU,Advisory,250k-1m,Yes,Accepted,Client seeks decision support on risk controls. Regulator engagement anticipated. subsidence. Jurisdiction noted as EU.,"Potential conflict in dates, needs review.",Yes,No,No,Yes,No,No,No,Yes,No,No,No,No,No,No,Yes,Yes,No,No,No,"The claim involves potential regulator engagement, indicating serious legal or regulatory risks. Conflicting date information requires further review, and the case's jurisdictional complexity is notable due to its location in the EU."
C-09826,Enterprise,UK,Legal,<50k,Yes,Unknown,Potential breach of contract raised. Multiple parties named. no supporting documentation.,No data Available,No,No,No,No,Yes,No,Yes,No,No,No,No,No,No,Yes,No,No,No,Yes,No,"The claim presents a potential breach of contract involving multiple parties with no supporting documentation provided, indicating risks related to legal disputes and missing conditions."
C-09848,SMB,US,Legal,>1m,Yes,Unknown,Formal letter received from counterparty. Jurisdiction disputed. flood zone 3. Police reference number provided. Cross-border considerations likely.,No data Available,No,No,No,No,No,Yes,Yes,Yes,No,Yes,No,No,No,No,No,Yes,No,No,Yes,"The claim presents legal disputes due to jurisdictional challenges and includes potential regulatory considerations, as well as mentions of police involvement, indicating a need for careful examination of cross-border elements."
C-09875,Mid-Market,UK,Legal,>1m,No,Escalated,Employment dispute raised by former contractor. Jurisdiction disputed. subsidence. Evidence not yet supplied.,No additional notes.,No,No,No,Yes,No,Yes,Yes,Yes,No,No,No,Yes,No,No,No,Yes,No,Yes,No,"The claim involves an employment dispute with jurisdictional uncertainty, indicating legal disputes and conflicting information. There are also indications of missing documentation, which can complicate the claim assessment."
C-09887,SMB,UK,Insurance,250k-1m,Yes,Unknown,Business interruption may apply. Basement affected. injunction.,Client requested urgent callback.,Yes,Yes,No,No,No,No,No,No,No,No,No,No,No,No,No,No,Yes,No,No,"This claim indicates significant risks due to possible business interruption and a legal injunction, necessitating urgent attention."
C-10102,Mid-Market,US,Legal,250k-1m,Yes,Unknown,Employment dispute raised by former contractor. Jurisdiction disputed. fire. Supporting documents attached.,Client requested urgent callback.,No,No,No,No,Yes,Yes,Yes,Yes,No,No,No,No,No,No,No,Yes,Yes,No,No,The claim involves an employment dispute with jurisdictional complexity and potential policy interpretation issues. There is urgency due to the client's request for an urgent callback.
C-10116,Enterprise,US,Insurance,50k-250k,No,Accepted,Damage reported following heavy rainfall. Fire damage to warehouse. breach of contract. No policy documents attached. Overseas elements present.,Duplicate of earlier report suspected.,Yes,Yes,No,Yes,Yes,Yes,Yes,Yes,Yes,No,No,No,No,Yes,No,Yes,No,Yes,No,"The claim presents multiple risks including severe legal exposure due to a breach of contract and potential business interruption from combined fire and flood damage, alongside missing documentation enforcing uncertainty in the claim's validity."
C-10144,SMB,US,Insurance,>1m,No,Escalated,Incident reported at commercial premises. Water ingress noted. class action.,No additional notes. Check coverage exclusions.,Yes,No,No,No,No,No,Yes,No,No,Yes,No,No,No,No,No,No,No,No,Yes,"The claim involves water ingress at commercial premises and is part of a class action, indicating potential severe legal risks and possible coverage exclusions."
C-10205,Mid-Market,UK,Advisory,250k-1m,Yes,Unknown,Client requesting advice on regulatory exposure. Timeline not specified. suspected arson.,No data Available,No,No,Yes,No data available,No,No,No,No,No,No,No,No,No,No,No,No,No data available,No,Yes,"The claim indicates a risk of potential fraud due to suspected arson, along with a request for regulatory advice, suggesting there may be underlying legal concerns."
C-10237,Mid-Market,No data Available,Legal,50k-250k,Yes,Settled,Potential breach of contract raised. Jurisdiction disputed. Jurisdiction noted as UK.,Duplicate of earlier report suspected.,No,No,Yes,Yes,No,Yes,Yes,Yes,No,No,No,No,No,No,No,Yes,No,No,No,"The claim involves a potential breach of contract with jurisdictional disputes and noted duplications, raising flags for conflicting information and potential fraud."
C-10304,SMB,UK,Insurance,250k-1m,No,Accepted,Loss event impacting property and contents. Basement affected. No policy documents attached.,No additional notes.,No,No,No,No,No,No,No,No,No,No,No,No,No,Yes,No,No,No,Yes,No,The claim presents a risk due to the lack of attached policy documents and likely missing required conditions that could complicate the approval process.
C-10343,Mid-Market,US,Legal,250k-1m,No,Unknown,Formal letter received from counterparty. Evidence currently limited. fire.,Duplicate of earlier report suspected. Consider limitation periods.,No,No,No,Yes,No,No,Yes,No,No,No,No,Yes,No,Yes,No,No,Yes,Yes,No,"The claim presents potential risks due to conflicting information and an unclear incident description, along with possible limitations regarding required documentation and time-sensitive factors."
C-10582,Mid-Market,UK,Insurance,<50k,Yes,Settled,Damage reported following heavy rainfall. Roof compromised. wear and tear. Jurisdiction noted as UK.,Handler flagged missing attachments.,No,No,No,Yes,No,No,No,No,No,Yes,No,No,No,Yes,No,No,No,Yes,No,"The claim indicates potential coverage issues due to wear and tear on the roof, and there are concerns about missing documentation and conflicting information due to unattached files."
C-10593,Mid-Market,UK,Insurance,<50k,No,Unknown,Business interruption may apply. Basement affected.,Handler flagged missing attachments. Check coverage exclusions.,No,Yes,No,No,No,No,No,No,No,Yes,No,No,No,Yes,No,No,No,Yes,No,"The claim shows potential for business interruption with a basement affected, but there are missing attachments and possible exclusions that need review."
C-10731,SMB,UK,Legal,250k-1m,Yes,Escalated,IP infringement allegation received. Jurisdiction disputed. major fire. Jurisdiction noted as UK.,Handler flagged missing attachments.,Yes,Yes,No,Yes,Yes,Yes,Yes,Yes,No,No,No,No,No,Yes,No,Yes,No,Yes,No,"The claim involves a major legal dispute over IP infringement with jurisdictional complexity in the UK, and there are concerns about missing documentation and conflicting information."
C-10838,Mid-Market,UK,Advisory,250k-1m,No,Accepted,Client seeks decision support on risk controls. Regulator engagement anticipated. arson. Evidence not yet supplied.,Client requested urgent callback. Clarify scope and deliverables.,Yes,No,Yes,No,No,No,No,No,No,No,No,No,No,No,Yes,No,Yes,Yes,Yes,"The claim involves arson, indicating potential fraud, and anticipates regulator engagement, posing a severe legal risk. Evidence is not yet provided, and there is an urgent request for decision support."
C-10852,SMB,EU,Advisory,250k-1m,Yes,Accepted,Client seeks decision support on risk controls. Scope unclear. subsidence. Loss adjuster appointed. Cross-border considerations likely.,No data Available,No,No,No,No data available,Yes,Yes,No,Yes,Yes,No,No,Yes,No,No,No,Yes,No,No data available,No,"The claim presents several risks, including complex incident details due to subsidence and jurisdictional complexity with likely cross-border considerations. Additionally, there are policy interpretation issues and an unclear incident description that require clarification."
C-10974,SMB,US,Legal,<50k,Yes,Accepted,Formal letter received from counterparty. Evidence currently limited. no supporting documentation. Police reference number provided.,Handler flagged missing attachments.,No,No,No data available,No,No,No,Yes,No,No,No,No,No data available,No data available,Yes,No,No,No,Yes,No,"The claim has a formal legal dispute indicated by the receipt of a letter from the counterparty, but it has missing documentation which is a point of concern."
C-10975,Mid-Market,UK,Insurance,>1m,Yes,Unknown,Damage reported following heavy rainfall. Basement affected. Police reference number provided.,No data Available,No,No,Yes,No,No,No,No,No,No,Yes,No,No,No,No,No,No,No,No,Yes,"The claim indicates potential fraud due to the involvement of police reference related to the damage from heavy rainfall, along with the possibility that exclusions may apply for flooding-related incidents."
C-11036,Enterprise,UK,Insurance,Unknown,Yes,Rejected,Client reports storm-related damage. Fire damage to warehouse. no supporting documentation. Police reference number provided.,Client requested urgent callback.,No,Yes,Yes,No,No,No,No,No,No,Yes,No,Yes,No,Yes,No,No,Yes,Yes,Yes,"The claim presents potential fraud signals due to the absence of supporting documentation alongside police involvement. Additionally, there's a business-critical impact due to fire damage, exacerbated by missing documents and urgency in response."
C-11242,Mid-Market,UK,Advisory,>1m,Yes,Unknown,Operational risk assessment requested. Regulator engagement anticipated. fire. Policy schedule attached.,No data Available,Yes,No,No,No data available,No,No,No,No,No,No,No,No,No,No,Yes,No,No,No,Yes,The claim has severe legal and regulatory risks due to anticipated regulator engagement regarding a fire incident. There are no indicators of fraud or business-critical impact.
C-11306,SMB,US,Legal,50k-250k,No,Unknown,Potential breach of contract raised. Governing law unclear. ip infringement.,No data Available,Yes,No,No,No,No,Yes,Yes,Yes,No,No,No,No,No,No,No,Yes,No,No,No,"The claim involves a potential breach of contract and IP infringement, raising severe legal risks due to unclear governing law and legal disputes."
C-11652,Mid-Market,Other,Insurance,250k-1m,No,Unknown,Client reports storm-related damage. Basement affected. major fire.,"Potential conflict in dates, needs review.",No,Yes,No,Yes,Yes,No,No,No,No,No,No,No,No,No,No,No,No data available,No,Yes,"The claim involves storm-related damage that has escalated to a major fire, with conflicting information on event dates and potential for fraud indicated by mentions of arson."
C-11694,SMB,Other,Insurance,<50k,Yes,Accepted,Incident reported at commercial premises. Fire damage to warehouse. no supporting documentation. Policy schedule attached. Jurisdiction noted as Other.,No data Available,No,Yes,No,No,No,No,No,Yes,No,No,No,Yes,No,Yes,No,No,No,Yes,No,"The claim contains missing documentation and an unclear incident description, posing risks related to business impact and failure to meet required conditions."
C-11833,Mid-Market,EU,Legal,<50k,Yes,Unknown,Formal letter received from counterparty. Time-sensitive response required. Policy schedule attached. Overseas elements present.,No additional notes.,No,No,No,No,No,No,Yes,Yes,No,No,No,No,No,No,No,Yes,Yes,No,No,"The claim involves a formal letter from a counterparty requiring a time-sensitive response and includes overseas elements, indicating potential legal disputes and jurisdictional complexities."
C-11851,Enterprise,US,Insurance,<50k,Yes,Unknown,Business interruption may apply. Water ingress noted. Police reference number provided.,"Potential conflict in dates, needs review.",No,Yes,No,Yes,No,No,No,No,No,No,No,No,No,No,No,No,No,No,Yes,"The claim presents potential business interruption due to water ingress, with conflicting dates noted for review. Additionally, there are police reference details that may indicate possible fraud."
C-11894,SMB,Other,Insurance,<50k,No,Unknown,Client reports storm-related damage. Fire damage to warehouse.,Client requested urgent callback.,No,Yes,No,No,No,No,No,No,No,No,No,No,No,No,No,No,Yes,No,No,"The claim involves storm-related damage with significant fire damage to a warehouse, indicating a business-critical impact and an urgent request for action."
C-11926,Enterprise,Other,Insurance,250k-1m,No,Escalated,Loss event impacting property and contents. Water ingress noted. governing law unclear. Evidence not yet supplied.,Client requested urgent callback.,No,No,No,No,No,Yes,No,Yes,No data available,No,No,No,No,No,No,No,Yes,Yes,No,"The claim is complicated by unclear governing law and missing documentation, indicating potential policy interpretation issues. There is urgency for a callback from the client, adding time sensitivity to the situation."
C-12029,Enterprise,UK,No data Available,<50k,Yes,Unknown,Formal letter received from counterparty. Time-sensitive response required. Police reference number provided.,No data Available,No,No,No,No data available,No,No,Yes,No,No,No,No,No,No,No,No,No,Yes,No,No,"The claim involves a formal legal dispute requiring a time-sensitive response, which may indicate urgency but does not suggest severe risks such as fraud or regulatory concerns."
C-12035,SMB,UK,Insurance,250k-1m,Yes,Unknown,Business interruption may apply. Basement affected. Overseas elements present.,No additional notes.,No,Yes,No,No,No,No,No,Yes,No,No,No,No,No,No,No,Yes,No,No,No,"The claim indicates potential business interruption due to basement damage with international elements involved, signaling notable operational impact and cross-border complexity."
C-12168,Enterprise,UK,Insurance,250k-1m,Yes,Unknown,Incident reported at commercial premises. Basement affected. Jurisdiction noted as UK.,"Potential conflict in dates, needs review.",No,No,No,Yes,No,No,No,No,No,No,No,No,No,No,No,No,No,No,No,"The claim presents a potential risk due to conflicting information regarding the incident dates, which may complicate the claims process."
C-12663,Mid-Market,US,Insurance,>1m,Yes,Escalated,Loss event impacting property and contents. Basement affected. subsidence. Police reference number provided. Overseas elements present.,Duplicate of earlier report suspected. Check coverage exclusions.,No,No,Yes,Yes,No,No,No,Yes,No,Yes,No,No,No,No,No,Yes,No,No,Yes,"The claim has potential fraud indicators and conflicting information, particularly with the mention of a duplicate report. Additionally, it involves cross-border elements and may have applicable exclusions."
C-12773,Mid-Market,UK,Insurance,50k-250k,No,Rejected,Damage reported following heavy rainfall. Water ingress noted. ip infringement. No policy documents attached. Conflicting information reported by client.,No data Available,Yes,No,No,Yes,No,No,Yes,No,No,No,No,No,No,Yes,No,No,No,Yes,No,"The claim presents conflicting information and lacks necessary documentation, raising concerns about regulatory risks and potential rejection. Additionally, there are legal disputes regarding IP infringement."
C-12788,SMB,UK,Legal,250k-1m,Yes,Unknown,Employment dispute raised by former contractor. Evidence currently limited. Policy schedule attached.,Caller sounded uncertain; follow-up likely required.,No,No,No,No,No,No,Yes,No,No,No,No,Yes,No,No,No,No,No,No,No,"The claim involves an employment dispute raised by a former contractor, with limited evidence currently available, indicating potential uncertainty and the need for further follow-up."
C-12806,Mid-Market,UK,Legal,50k-250k,Yes,Accepted,Employment dispute raised by former contractor. Governing law unclear. Police reference number provided. Cross-border considerations likely.,Handler flagged missing attachments.,No,No,Yes,No,Yes,Yes,Yes,Yes,No,No,No,No,No,Yes,Yes,Yes,No,Yes,Yes,"The claim involves an employment dispute with potential fraud indicators, unclear governing law, and complex jurisdictional issues. Missing attachments and regulatory involvement add to the risk profile."
C-12901,SMB,US,Insurance,<50k,Yes,Settled,Loss event impacting property and contents. Water ingress noted. minor.,No data Available,No,No,No,No data available,No,No,No,No,No,No data available,No,No,No,No,No,No,No,No,No,"The claim involves a minor water ingress event affecting property and contents, with no significant legal or regulatory risks identified."
C-12980,SMB,UK,Legal,250k-1m,Yes,Escalated,Employment dispute raised by former contractor. Evidence currently limited. injunction.,No data Available,Yes,No,No,No data available,No,No,Yes,No,No,No,No,No,No,No,No,No,Yes,Yes,No,"The claim involves a legal dispute due to an employment issue raised by a former contractor and is currently escalated due to an injunction. Documentation is limited, indicating possible missing evidence."
C-13156,Mid-Market,Other,Insurance,50k-250k,No,Escalated,Client reports storm-related damage. Theft of equipment reported. breach of contract.,Duplicate of earlier report suspected. Check coverage exclusions.,No,No,Yes,Yes,No,No,Yes,No,No,Yes,No,No,No,No,No,No,No,No,Yes,"The claim involves theft of equipment and reports of storm-related damage, raising potential fraud concerns and indicating a breach of contract. Additionally, the claim is suspected to be a duplicate, suggesting conflicting information."
C-13167,Enterprise,UK,Legal,>1m,Yes,Unknown,Employment dispute raised by former contractor. Multiple parties named.,Handler flagged missing attachments.,No,No data available,No,No,Yes,No,Yes,No,No,No,No,No,No,Yes,No,No,No,Yes,No,"The claim involves an employment dispute with multiple parties, indicating potential complexity. Additionally, there are issues with missing documentation which may impact the resolution of the claim."
C-13199,SMB,EU,Insurance,<50k,No,Unknown,Business interruption may apply. Roof compromised. minor. Evidence not yet supplied.,No data Available,No,Yes,No,No,No,No,No,No,No,No,No,No,No,No,No,No,No,Yes,No,"The claim indicates potential business interruption due to a compromised roof, though it is categorized as minor. Evidence is pending, which could affect the claim's evaluation."
C-13405,Enterprise,US,Legal,250k-1m,Yes,Settled,potential breach of contract raised. govening law unclear.,No data Available,No,No,No,No data available,No,Yes,Yes,Yes,No,No,No,No,No,No,No,Yes,No,No,No,"The claim involves a potential breach of contract with unclear governing law, indicating legal disputes and jurisdictional complexity."
C-13440,Enterprise,US,Legal,250k-1m,Yes,Unknown,Potential breach of contract raised. Jurisdiction disputed. hurricane.,No additional notes.,No,No,No,Yes,No,Yes,Yes,Yes,No,No,No,No,No,No,No data available,Yes,No,No,No,"The claim involves a potential breach of contract with disputed jurisdiction and is tied to hurricane impacts, indicating legal disputes and conflicting information. This raises concerns regarding policy interpretation and jurisdictional complexity."
C-14225,SMB,UK,Advisory,50k-250k,No,Rejected,Client seeks decision support on risk controls. Stakeholders across multiple regions. No supporting documentation provided.,Duplicate of earlier report suspected.,No,No,No,Yes,No,No,No,No,No,No,No,Yes,No,Yes,No,No,No,Yes,No,"The claim lacks supporting documentation and appears to be a duplicate, indicating potential conflicting information and failure to meet required conditions."
C-14236,Mid-Market,EU,Legal,250k-1m,Yes,Escalated,Employment dispute raised by former contractor. Governing law unclear.,Caller sounded uncertain; follow-up likely required.,No,No,No,Yes,No,Yes,Yes,Yes,No,No,No,No,No,No,No,No,No,No,No,"The claim presents risks associated with conflicting information and legal disputes, with jurisdictional complexity due to unclear governing law."
C-14241,Mid-Market,EU,Advisory,250k-1m,No,Unknown,Client requesting advice on regulatory exposure. Regulator engagement anticipated.,No data Available,Yes,No,No,No,No,No,No,No,No,No,No,No,No,No,Yes,No,No,No,No,"The client is seeking advice on regulatory exposure, indicating an inherent risk of severe legal or regulatory action involving potential engagement with regulators."
C-14273,SMB,Other,Insurance,<50k,Yes,Settled,Loss event impacting property and contents. Theft of equipment reported.,Caller sounded uncertain; follow-up likely required.,No,No,No,Yes,No,No,No,No,No,No,No,No,No,No,No,No,No,No,Yes,"There are indications of potential uncertainty in the claim, as the caller sounded uncertain and mentioned theft of equipment, which may raise flags for further investigation."
C-14276,SMB,UK,Legal,50k-250k,Yes,Accepted,Formal letter received from counterparty. Time-sensitive response required. prior losses. Cross-border considerations likely.,Client requested urgent callback.,Yes,No,No,No,No,No,Yes,Yes,No,Yes,No,No,No,No,No,Yes,Yes,No,No,"The claim presents a legal dispute with urgent time sensitivity and prior losses, indicating potential regulatory exposure and cross-border complexities."
C-14284,Mid-Market,US,Advisory,<50k,Yes,Accepted,Client requesting advice on regulatory exposure. No immediate dispute.,No data Available,No,No,No,No,No,No,No,No,No,No,No,No,No,No,Yes,No,No,No,No,"The client is seeking advice on regulatory exposure with no immediate disputes noted, indicating potential regulatory involvement but no significant risks identified at this stage."
C-14592,SMB,US,Insurance,250k-1m,No,Escalated,Business interruption may apply. Theft of equipment reported. arson. No supporting documentation provided. Cross-border considerations likely.,Handler flagged missing attachments.,No,Yes,Yes,No,No,No,No,Yes,No,Yes,No,Yes,No,Yes,No,Yes,No,Yes,Yes,"The claim indicates a significant business interruption due to theft and arson, with potential fraudulent activity suggested; however, there is a lack of supporting documentation and unclear incident details, raising concerns about compliance with policy conditions."
C-14606,SMB,UK,Legal,250k-1m,No,Unknown,Employment dispute raised by former contractor. Time-sensitive response required. No supporting documentation provided.,Handler flagged missing attachments. Consider limitation periods.,No,No,No,No,No,No,Yes,No,No,No,No,No,No,Yes,No,No,Yes,Yes,No,"This claim involves a legal dispute from a former contractor with time-sensitive response requirements, highlighting a risk of required conditions not being met and missing documentation."
C-14765,Mid-Market,UK,Advisory,250k-1m,Yes,Rejected,Operational risk assessment requested. Regulator engagement anticipated. major fire. Police reference number provided.,No data Available,Yes,Yes,No,No data available,No,No,No,No,No,No,No,No,No,No data available,Yes,No,No,No,Yes,"The claim presents severe regulatory risks due to anticipated regulator engagement following a major fire incident, which also poses significant business-critical impacts."
C-14778,SMB,UK,Legal,50k-250k,No,Unknown,Potential breach of contract raised. Time-sensitive response required. storm damage.,Client requested urgent callback.,No,No data available,No,No,No,No,Yes,No,No,No,No,No,No data available,No data available,No,No,Yes,No,No,"The claim involves a potential breach of contract with time-sensitive response required due to storm damage, indicating legal dispute risks."
C-14831,Mid-Market,US,Insurance,<50k,Yes,Accepted,Business interruption may apply. Basement affected.,No data Available,No,Yes,No,No,No,No,No,No,No,No,No,No,No,No,No,No,No,No,No,"The claim involves business interruption due to basement damage, indicating a significant potential for financial impact."
C-14977,Enterprise,UK,Insurance,50k-250k,No,Accepted,Incident reported at commercial premises. Theft of equipment reported. No supporting documentation provided.,No data Available,No,No,Yes,No,No,No,No,No,No,No,No,No,No data available,Yes,No,No,No,Yes,Yes,"The claim involves a theft of equipment at commercial premises with no supporting documentation, indicating potential fraud and missing required documentation."
C-15003,Mid-Market,Other,Insurance,250k-1m,Yes,Unknown,Loss event impacting property and contents. Fire damage to warehouse. regulator visit. Supporting documents attached. Jurisdiction noted as Other.,No data Available,Yes,Yes,No,No data available,No,No,No,Yes,No,No,No,No,No,No,Yes,No,No,No,No,"The claim involves fire damage to a warehouse, raising severe legal and regulatory risks due to regulator involvement in an area with jurisdictional complexity. Additionally, this incident poses a significant impact on the business."
C-15114,SMB,EU,Insurance,250k-1m,No,Accepted,Incident reported at commercial premises. Basement affected. injunction. Cross-border considerations likely.,Client requested urgent callback.,Yes,No,No,No,No,No,No,Yes,No,No,No,No,No,No,No,Yes,Yes,No,No,"The claim involves potential severe legal risks due to an injunction and cross-border considerations, indicating complexity that may require regulatory oversight."
C-15166,SMB,EU,Insurance,50k-250k,No,Unknown,Business interruption may apply. Basement affected. ip infringement.,Caller sounded uncertain; follow-up likely required.,Yes,Yes,No,Yes,No,No,Yes,No,No,No,No,No,No,No,No,No,No,No,No,"The claim involves business interruption and IP infringement, indicating potential legal disputes and significant impact on operations. There is conflicting information noted, requiring follow-up."
C-15171,SMB,EU,Legal,50k-250k,Yes,Unknown,Employment dispute raised by former contractor. Evidence currently limited. Loss adjuster appointed.,Caller sounded uncertain; follow-up likely required.,No,No data available,No,Yes,No,No data available,Yes,No,No data available,No,No,Yes,No,No data available,No,No,No data available,No,No,"The claim involves an employment dispute with limited evidence, leading to uncertainty and conflicting information. Follow-up actions may be necessary to clarify the situation."
C-15350,Mid-Market,UK,Insurance,<50k,No,Unknown,Business interruption may apply. Fire damage to warehouse.,Caller sounded uncertain; follow-up likely required.,No,Yes,No,Yes,No,No data available,No,No,No,No data available,No data available,No,No data available,No data available,No,No,No data available,No,No,"The claim indicates a business interruption due to fire damage to a warehouse, with conflicting information as the caller sounded uncertain."
C-15368,SMB,EU,Insurance,250k-1m,Yes,Accepted,Loss event impacting property and contents. Fire damage to warehouse. prior losses. Jurisdiction noted as EU.,"Potential conflict in dates, needs review.",No,Yes,No,Yes,No,No,No,Yes,No,Yes,No,No,No,No,No,No,No,No,No,"The claim involves a fire damage incident to a warehouse with prior losses, indicating potential business-critical impacts and conflicting information that requires review."
C-15653,SMB,UK,Legal,250k-1m,Yes,Accepted,IP infringement allegation received. Jurisdiction disputed.,No data Available,No,No,No,Yes,No,No,Yes,Yes,No,No,No,No,No,No,No,Yes,No,No,No,"The claim involves an IP infringement allegation with disputed jurisdiction, indicating potential legal disputes and conflicting information."
C-15951,Mid-Market,US,Legal,<50k,Yes,Unknown,Dispute escalated to legal threat. Jurisdiction disputed. no supporting documentation. Police reference number provided. Overseas elements present.,No data Available,Yes,No,No,Yes,No,Yes,Yes,Yes,No,No,No,No,No,Yes,No,Yes,No,Yes,No,"The claim involves a legal dispute with jurisdictional complexity and missing documentation, indicating potential severe legal risks. The lack of supporting documentation and unclear jurisdiction raise concerns about compliance and resolution."
C-16335,SMB,UK,Legal,250k-1m,Yes,Unknown,Formal letter received from counterparty. Evidence currently limited. injunction. Cross-border considerations likely.,No data Available,Yes,No,No,No data available,Yes,No,Yes,Yes,No,No,No,No,No,No,No data available,Yes,Yes,No,No,"The claim involves severe legal risk due to a formal letter from a counterparty and an injunction. Additionally, there are complexities related to cross-border elements and the need for expert interpretation."
C-16405,SMB,EU,Legal,<50k,No,Accepted,Formal letter received from counterparty. Jurisdiction disputed. No supporting documentation provided.,No data Available,No,No,No,No,No,Yes,Yes,Yes,No,No,No,No,No,Yes,No,Yes,No,Yes,No,"The claim faces jurisdictional complexity due to a dispute, lacks supporting documentation, and has issues with unclear policy interpretation. Consequently, there are several challenges in validating the claim effectively."
C-16634,SMB,UK,Insurance,<50k,No,Unknown,Loss event impacting property and contents. Fire damage to warehouse.,No data Available,No,Yes,No,No data available,No,No,No,No,No,No,No,No,No,No,No,No,No,No,No,"The claim involves significant fire damage to a warehouse, indicating potential business-critical impact due to property loss."
C-16858,SMB,Other,Insurance,250k-1m,Yes,Accepted,Business interruption may apply. Roof compromised. data protection incident. Supporting documents attached.,No data Available,No,Yes,No,No data available,No,No,No,No,No,No,No,No,No,No,No,No,No,No,No,"The claim involves a business interruption and a compromised roof, indicating significant operational risk. Additionally, there is a data protection incident which could potentially lead to regulatory scrutiny."
C-16902,SMB,UK,Insurance,<50k,Yes,Accepted,Incident reported at commercial premises. Theft of equipment reported.,Caller sounded uncertain; follow-up likely required.,No,No,Yes,Yes,No,No data available,No,No,No,No data available,No,No data available,No,No,No,No,No,No,Yes,"The claim involves a theft of equipment at commercial premises, accompanied by uncertainty from the caller, indicating potential fraud and conflicting information that may require further investigation."
C-17015,SMB,Other,Legal,Unknown,Yes,Rejected,Dispute escalated to legal threat. Time-sensitive response required. Loss adjuster appointed.,Caller sounded uncertain; follow-up likely required. Consider limitation periods.,Yes,No,No,Yes,No,No,Yes,No,No,No,No,No,No,No,No,No,Yes,No,No,"The claim involves a legal dispute with escalated threats, requiring a time-sensitive response. Uncertainty from the caller and historical rejection indicate conflicting information."
C-17028,Mid-Market,UK,Advisory,>1m,Yes,Escalated,Request for compliance gap analysis. Scope unclear. major fire. Jurisdiction noted as UK.,No data Available,No data available,Yes,No,No data available,No,Yes,No,Yes,Yes,No,No,Yes,No,No,No data available,No data available,No,No data available,No,"The claim involves a major fire with unclear scope and compliance issues, indicating significant business impact and possible jurisdictional complexities."
C-17171,SMB,UK,Legal,250k-1m,No,Unknown,Potential breach of contract raised. Jurisdiction disputed. injunction. Conflicting information reported by client.,No data Available,Yes,No,No,Yes,No,Yes,Yes,Yes,No,No,No,No,No,No,No,Yes,Yes,No,No,"The claim raises concerns of a potential breach of contract with disputes over jurisdiction and conflicting reports from the client, indicating significant legal risk and time sensitivity."
C-17224,Mid-Market,US,Legal,250k-1m,No,Unknown,IP infringement allegation received. Time-sensitive response required. ip infringement. Evidence not yet supplied.,Handler flagged missing attachments.,Yes,No,No,No,No,No,Yes,No,No,No,No,No,No,Yes,No,No,Yes,Yes,No,"The claim involves an IP infringement allegation requiring a time-sensitive response, with missing evidence contributing to the legal dispute risk."
C-17360,Enterprise,Other,Insurance,250k-1m,Yes,Escalated,Client reports storm-related damage. Basement affected. suspected arson.,No additional notes.,No,No,Yes,No,No,No,No,No,No,No,No,No,No,No,No,No,No,No,Yes,"The claim is associated with storm-related damage to the basement and has indications of arson, marked as a potential fraud risk."
C-17661,SMB,UK,Insurance,<50k,Yes,Unknown,Damage reported following heavy rainfall. Roof compromised. Loss adjuster appointed.,Duplicate of earlier report suspected.,No,No,Yes,Yes,No,No,No,No,No,No,No,No,No data available,No,No,No,No,No,No,"The claim involves reported damage following heavy rainfall, and there are indications of a duplicate report. This raises potential concerns regarding the legitimacy of the claim."
C-17898,SMB,UK,Insurance,50k-250k,Yes,Unknown,Client reports storm-related damage. Fire damage to warehouse.,No data Available,No,Yes,No,No,No,No,No,No,No,Yes,No,No,No,No,No,No,No,No data available,No,"The claim reports storm-related damage and includes fire damage to a warehouse, indicating potential for significant business interruption. Exclusions may apply due to the nature of the damage."
C-18367,Enterprise,EU,Insurance,50k-250k,Yes,Unknown,Incident reported at commercial premises. Fire damage to warehouse. business interruption. Police reference number provided.,No data Available,No,Yes,Yes,No,No,No,No,No,No,No,No,No,No data available,No data available,No,No,No,No,Yes,"The claim indicates significant business interruption due to fire damage at a commercial warehouse, with potential for fraudulent activity suggested by police reference involvement."
C-18541,Enterprise,UK,Advisory,>1m,Yes,Escalated,Client requesting advice on regulatory exposure. No immediate dispute. data protection incident. Cross-border considerations likely.,Handler flagged missing attachments.,Yes,No,No,No,No,No,No,Yes,No,No,No,No,No,Yes,Yes,Yes,No,Yes,No,"The claim involves a data protection incident with regulatory exposure and cross-border considerations, suggesting significant legal risks. Additionally, missing documentation may hinder the claim's evaluation."
C-18543,SMB,EU,Advisory,<50k,No,Unknown,Operational risk assessment requested. No immediate dispute. wear and tear. Evidence not yet supplied. Jurisdiction noted as EU.,No data Available,No,No,No,No,No,No,No,Yes,No,Yes,No,No,No,No,No,Yes,No,Yes,No,"The claim indicates possible exclusions apply due to wear and tear, and there is a lack of evidence provided, suggesting a potential risk of incomplete documentation. Additionally, the jurisdictional complexity arises from it being noted as in the EU."
C-18573,SMB,UK,Insurance,<50k,No,Rejected,Business interruption may apply. Roof compromised. No supporting documentation provided. Conflicting information reported by client.,No data Available,No,Yes,No,Yes,No,No,No,No,No,No data available,No,No,No,Yes,No,No,No,Yes,No,"The claim indicates a business interruption risk due to a compromised roof, with supporting documentation not provided and conflicting information reported by the client."
C-18607,SMB,US,Insurance,250k-1m,Yes,Unknown,Incident reported at commercial premises. Fire damage to warehouse. Loss adjuster appointed. Overseas elements present.,No data Available,No,Yes,No,No,No,No,No,Yes,No,No,No,No,No,No,No,Yes,No,No,No,"The claim involves significant fire damage to a commercial warehouse, indicating potential business-critical impact. It also has cross-border elements due to overseas factors."
C-18790,SMB,UK,Legal,50k-250k,No,Unknown,Potential breach of contract raised. Governing law unclear.,Handler flagged missing attachments.,No,No,No,No,No,Yes,Yes,Yes,No,No,No,No,No,Yes,No,Yes,No,Yes,No,"The claim raises concerns about a legal dispute over a potential breach of contract with unclear governing law, missing attachments, and unmet required documentation."
C-18900,SMB,UK,Advisory,50k-250k,No,Unknown,Client requesting advice on regulatory exposure. No immediate dispute. Jurisdiction noted as UK.,Duplicate of earlier report suspected.,No,No,No,Yes,No,No,No,Yes,No,No,No,No,No,No,Yes,No,No,No,No,The claim does not involve immediate legal disputes but indicates conflicting information and potential regulatory exposure in the UK jurisdiction.
C-18932,SMB,UK,Legal,<50k,No,Unknown,Employment dispute raised by former contractor. Jurisdiction disputed. no supporting documentation. No policy documents attached. Cross-border considerations likely.,Client requested urgent callback.,No,No,No,Yes,No,Yes,Yes,Yes,Yes,No,No,Yes,No,Yes,No,Yes,Yes,Yes,No,"The claim involves an employment dispute with jurisdictional complexities and lacks necessary documentation, indicating potential policy interpretation issues and time sensitivity."
C-19078,SMB,Other,No data Available,250k-1m,Yes,Unknown,Damage reported following heavy rainfall. Roof compromised. class action. Jurisdiction noted as Other.,Client requested urgent callback.,Yes,No,No,No,No,No,Yes,Yes,No,No,No,No,No,No,No,No,Yes,No,Yes,"The claim involves severe legal risks due to a class action related to compromised roofing from heavy rainfall, indicating potential regulatory scrutiny. Additionally, there is urgency for client interaction as noted by the request for an urgent callback."
C-19176,Mid-Market,UK,Insurance,50k-250k,No,Unknown,Damage reported following heavy rainfall. Fire damage to warehouse. No policy documents attached. Cross-border considerations likely.,Client requested urgent callback. Check coverage exclusions.,No,Yes,No,No,No,Yes,No,Yes,Yes,Yes,No,No,No,Yes,No,Yes,Yes,Yes,No,"The claim presents significant risks related to potential business-critical impact due to fire damage, along with uncertainties in policy interpretation and missing documentation. Additionally, jurisdictional complexities and possible coverage exclusions may affect the outcome."
C-19227,Mid-Market,UK,Legal,>1m,Yes,Settled,Potential breach of contract raised. Time-sensitive response required.,"Potential conflict in dates, needs review.",No,No,No,Yes,No,No,Yes,No,No,No,No,No,No,No,No,No,Yes,No,No,"The claim presents a potential breach of contract and involves conflicting information regarding dates, which requires immediate attention."
C-19258,Mid-Market,UK,Insurance,50k-250k,Yes,Unknown,Business interruption may apply. Fire damage to warehouse. Policy schedule attached.,No data Available,No,Yes,No,No,No,No,No,No,No,No,No,No,No,No,No,No,No,No,No,"The claim involves fire damage to a warehouse, indicating a potential business interruption, which poses a significant risk of financial loss."
C-19468,Enterprise,US,Insurance,<50k,Yes,Accepted,Business interruption may apply. Basement affected. small crack.,No additional notes.,No,Yes,No,No,No,No,No,No,No,No,No,No,No,No,No,No,No,No,No,"The claim presents a business interruption risk due to damage in the basement, indicated by a small crack. However, there are no indications of legal complexities or fraudulent activities."
C-19474,SMB,UK,Insurance,>1m,No,Escalated,Business interruption may apply. Fire damage to warehouse. suspected arson. Conflicting information reported by client.,No data Available,No,Yes,Yes,Yes,No,No,No,No,No,Yes,No,No,No,No,No,No,No,No,Yes,"The claim involves potential business interruption due to suspected arson and conflicting information reported by the client, raising concerns of fraud."
C-19543,SMB,US,Advisory,50k-250k,No,Unknown,Operational risk assessment requested. No immediate dispute. business interruption.,No data Available,No,Yes,No,No,No,No,No,No,No,No,No,No,No,No,No,No,No,No,No,"The claim involves a business interruption with no immediate dispute identified, indicating a potential risk of operational impact but no severe legal concerns present."
C-19557,Enterprise,EU,Insurance,>1m,Yes,Accepted,Business interruption may apply. Fire damage to warehouse. flood zone 3. Loss adjuster appointed.,No data Available,No,Yes,No,No,No,No,No,No,No,Yes,No,No,No,No,No,No,No,No,No,"The claim involves a business interruption due to fire damage to a warehouse located in a flood zone, which may lead to exclusions applying. A loss adjuster has been appointed, indicating ongoing assessment of the claim."
C-19750,Mid-Market,UK,Insurance,250k-1m,No,Settled,Loss event impacting property and contents. Water ingress noted. No supporting documentation provided.,No data Available,No,No,No,No,No,No,No,No,No,No,No,No,No,Yes,No,No,No,Yes,No,"The claim involves water ingress affecting property and contents, with no supporting documentation provided, indicating required conditions may not be met and valuable evidence is missing for proper assessment."
C-19799,SMB,US,Legal,50k-250k,No,Unknown,Formal letter received from counterparty. Governing law unclear.,Handler flagged missing attachments.,No,No,No,Yes,No,Yes,Yes,Yes,No,No,No,No,No,Yes,No,Yes,No,Yes,No,"The claim is flagged for missing documentation and unclear governing law, indicating potential conflicting information and highlights legal dispute risks."
C-19895,Mid-Market,US,Insurance,50k-250k,Yes,Rejected,Client reports storm-related damage. Roof compromised.,No additional notes.,No,No,No,No,No,No,No,No,No,Yes,No,No,No,No,No,No,No,No,No,"The claim reports storm-related roof damage and has historical rejection outcomes, indicating possible exclusions related to weather damage."
C-19912,Enterprise,EU,Advisory,Unknown,No,Accepted,Operational risk assessment requested. Timeline not specified. small crack.,Client requested urgent callback. Clarify scope and deliverables.,No,No,No,No,No,No,No,No,No,No,No,No,No,No,No,No,Yes,No,No,"The claim indicates an operational risk assessment request related to a small crack, with an urgent customer callback requested, suggesting time sensitivity but no major legal or financial concerns identified."
C-20000,Mid-Market,EU,Legal,>1m,Yes,Unknown,Potential breach of contract raised. Evidence currently limited. subsidence. Cross-border considerations likely.,Caller sounded uncertain; follow-up likely required.,No,No,No,Yes,Yes,Yes,Yes,Yes,Yes,No,No,No,No,No data available,No,Yes,No,No,No,"The claim involves potential breach of contract with limited evidence and subsidence, indicating legal disputes and complex multi-jurisdictional aspects. Cross-border considerations and uncertainty in policy interpretation pose notable risks."
