case_id,severe_legal_or_regulatory_risk,business_critical_impact,potential_fraud,conflicting_information,complex_incident_details,policy_interpretation_issues,legal_disputes,jurisdictional_complexity,coverage_terms_unclear,exclusions_may_apply,new_or_unusual_claim_type,unclear_incident_description,claim_invalid_or_fraudulent,required_conditions_not_met,has_regulator_involvement,has_cross_border_elements,has_time_sensitivity,has_missing_documentation,mentions_fraud_or_arson,risk_summary
C-00192,No,No,No,Yes,No,No,No,No,No,No,No,No,No,Yes,No,No,No,Yes,No,"The claim presents conflicting information due to missing attachments, which raises concerns about required conditions not being met."
C-00265,No,No,No,Yes,No,No,Yes,No,No,No,No,Yes,No,No,No,No,No,Yes,No,"The claim involves a legal dispute with conflicting information and lacks sufficient documentation, raising concerns about its validity and clarity."
C-00289,Yes,No,No,Yes,No,No,No,No,No,No,No,No,No,Yes,Yes,No,No,Yes,No,"The claim involves anticipated regulator engagement, indicating a severe legal or regulatory risk. Missing documentation and attachments further complicate the situation, suggesting that required conditions are not met."
C-00337,No,No,Yes,Yes,No,No,No,No,No,No,No,No,No,No,No,No,No,No,Yes,The claim presents potential indicators of fraud due to the theft and the noted conflicting information regarding incident dates.
C-00724,Yes,Yes,No,No data available,No,No,Yes,No,No,No,No,No,No,No,No,No,No,No,No,"The claim involves potential business interruption due to basement damage and intellectual property infringement, indicating significant legal and financial implications."
C-00751,No,No,No,Yes,Yes,No,Yes,No,No,No,No,No,No,No,No,No,No,No,Yes,"The claim involves an employment dispute with multiple parties and suggests conflicting information due to a suspected duplicate report, raising potential risks of legal disputes."
C-00796,Yes,No,No,Yes,No,No,Yes,No,No,No,No,No,No,No,No,No,Yes,No,No,"The claim presents a severe legal risk due to the escalation to legal threats and the existence of conflicting information reported by the client, with an injunction indicated as time-sensitive."
C-01000,No,Yes,No,No,Yes,No,No,No,No,No,No,No,No,No,No,No,No,No,No,"The claim involves significant storm-related damage and fire damage to a warehouse, indicating a potential for major financial loss and operational impact."
C-01002,No,No,Yes,Yes,No,No,No,No,No,Yes,No,No,No data available,Yes,No,No,No,Yes,Yes,"The claim presents potential indicators of fraud due to theft reported alongside damage from flooding. Additionally, there are conflicting dates and missing documentation, which raise further concerns about the validity of the claim."
C-01027,No,No,No,Yes,No,No,No,No,Yes,Yes,No,No,No,No,No,No,No,No,No,"The claim shows conflicting information related to dates, which requires further review, and there may be potential coverage exclusions that could affect the outcome."
C-01043,No,No,No,Yes,No,No,No,No,No,Yes,No,No,No,Yes,No,No,No,Yes,No,"The claim faces potential risk due to conflicting information regarding documentation, and may be subject to policy exclusions related to the flood zone. Missing attachments also raise concerns about compliance with required conditions."
C-01250,No,Yes,No,Yes,No,No,No,No,No,No,No,No,No,No,No,No,No,No,No,"The claim involves fire damage to a warehouse, indicating a business-critical impact. There are potential conflicts in dates that may need further investigation."
C-01253,Yes,No,No,Yes,No,No,Yes,No,No,Yes,No,Yes,No,No,No,No,Yes,No,No,"The claim presents a severe legal risk due to escalation to legal threats, compounded by limited evidence and prior losses. Conflicting information and a requirement for follow-up indicate potential complications in handling the claim."
C-01491,No,No,No,Yes,No,No,No,Yes,No,No,No,No,No,Yes,No,Yes,No,Yes,No,"The claim presents conflicting information regarding documentation, with notable missing attachments flagged by the handler. Additionally, the presence of overseas elements and the mention of heavy rainfall indicate potential jurisdictional complexities."
C-01628,Yes,No,No,No,Yes,No,Yes,No,No,No,No,No,No,Yes,Yes,No,No,Yes,No,"The claim involves a legal dispute with multiple parties and escalating regulatory concerns, which indicates a severe legal risk. Additionally, missing documentation has been flagged, further complicating the case."
C-01697,Yes,No,No,No,No,Yes,Yes,Yes,No,No,No,No,No,No,No,Yes,No,No,Yes,"This claim presents severe legal risks due to a dispute escalating to legal threats and unclear governing law, with potential involvement of police. Additionally, there are cross-border elements that complicate the jurisdiction."
C-01838,No,No,Yes,Yes,No,No,No,No,No,No,No,No,No,No,No,No,No,No,No,"The claim indicates possible duplication of a prior report, suggesting potential conflicting information and risk of fraud-related issues."
C-01929,No,No,No,No,No,No,No,No,No,No,No,No,No,No data available,No,No,No,No,No,"The claim involves storm-related damage to the basement, with no indications of fraud or legal complexities."
C-02183,No,Yes,Yes,No,No,No,No,No,No,Yes,No,No,No,No,No,No,No,No,Yes,"The claim involves storm-related damage and theft of equipment, indicating potential fraud risk and business-critical impacts. Additionally, there may be coverage exclusions that need to be reviewed."
C-02227,No,Yes,No,No data available,No,No,No,No,No,No,No,No,No,No,No,No,No,No,Yes,"The claim involves significant storm-related damage to a warehouse, indicating a potential business-critical impact. There is also a mention of fire damage, which raises concerns about possible fraud or arson."
C-02257,No,No,Yes,No,No,No,No,No,No,Yes,No,No,No,No,No,No,No,No,Yes,"The claim involves theft of equipment and damage from heavy rainfall, raising potential fraud concerns. Additionally, exclusions related to flood damage may apply."
C-02428,No,Yes,No,No,No,No,No,No,No,Yes,No,No,No,No,No,No,Yes,No,No,"The claim involves fire damage to a warehouse in a flood zone, indicating potential business interruption. The client has requested an urgent callback, emphasizing time sensitivity."
C-02430,No,No,No,Yes,Yes,Yes,No,Yes,No,No,No,No,No,No,No,Yes,No,No,No,"The claim involves a strategic risk review post-acquisition with stakeholders across multiple regions, suggesting complex incident details and jurisdictional complexity; however, there are conflicting information signals and policy interpretation issues that require follow-up."
C-02467,Yes,No,No,Yes,No,Yes,Yes,Yes,No,Yes,No,No,No,No,No,Yes,Yes,No,No,"The claim involves a legal dispute with jurisdiction complexity and escalating legal threats, indicating a severe legal risk. Additionally, there are conflicting details regarding policy interpretation and potential exclusions related to flood zone coverage."
C-02509,No,No,No,Yes,No,No,No,No,No,No,No,Yes,No,No,No,No,No,Yes,No,"The claim shows potential risk signals due to conflicting information regarding the dates and a lack of documentation, as the client has not yet supplied evidence for the storm-related damage."
C-02568,Yes,No,No,Yes,No,Yes,Yes,Yes,No,No,No,No,No,Yes,No,Yes,No,Yes,No,"The claim presents significant legal risks due to a dispute escalation and jurisdiction issues, alongside conflicting information and missing documentation, which complicates the evaluation process."
C-02646,Yes,No,No,No,No,Yes,Yes,Yes,No,No,No,No,No,No,No,Yes,Yes,No,No,"This claim involves a legal dispute with unclear governing law and cross-border elements, raising severe legal risks and time sensitivity concerns."
C-02719,No,No,No,No,No,No,No,No,No,No data available,No,No,No,Yes,No,No,No,Yes,No,The claim may face issues due to missing supporting documentation and failure to meet required policy conditions. These factors could complicate the claims process and impact the assessment of damages.
C-02743,No,No data available,No,No,Yes,No,Yes,Yes,No,No,No,No data available,No,Yes,No,No,No,Yes,No,"The claim involves a breach of contract with multiple parties and jurisdiction noted as UK, indicating legal disputes and complex incident details. Missing attachments have been flagged, which may impact the assessment."
C-02868,No,No,No,Yes,No,No,No,No,No,No,No,No,No,Yes,No,No,No,Yes,No,"The claim presents conflicting information and lacks supporting documentation, indicating potential issues with required conditions being met."
C-02875,Yes,No,No,No,No,No,No,No,No,No,No,No,No,No,Yes,No,Yes,Yes,No,"The claim involves a strategic risk review requested due to an acquisition, indicating potential regulator engagement which is a severe legal risk. Urgency is emphasized by the client's request for an urgent callback, alongside missing policy documents."
C-02914,Yes,No,No,No,No,No,No,No,No,No,No,No,No,Yes,No,No,No,Yes,No,"The claim indicates a severe legal or regulatory risk due to a data protection incident coupled with incomplete documentation, which may impact the evaluation and processing of the claim."
C-03059,No,No,No,Yes,No,No,No,No,No,No,No,No,No,Yes,No,No,No,Yes,No,"The claim has conflicting information regarding dates and lacks supporting documentation, which raises concerns about the validity of the claim."
C-03208,No,No,No,No data available,Yes,No,Yes,Yes,No,No,No,No,No,No,No,No,No,No,No,"The claim involves an employment dispute and breach of contract with multiple parties, indicating potential complexity and jurisdictional concerns in the UK."
C-03240,Yes,Yes,No,No,No,No,No,No,No,Yes,No,No,No,No,Yes,No,Yes,No,Yes,"The claim involves significant fire damage to a warehouse and has regulatory involvement, indicating potential legal risks, along with some uncertainty regarding coverage exclusions."
C-03290,Yes,No,No,No data available,No data available,No data available,No data available,No data available,No data available,No data available,No data available,No data available,No data available,No data available,Yes,No,No data available,No,No,The claim indicates severe legal or regulatory risk due to anticipated regulator engagement following an acquisition.
C-03321,Yes,No,No,No,No,No,Yes,Yes,No,No,No,No,No,No,Yes,Yes,Yes,No,No,"The claim involves an employment dispute with jurisdiction disputes and regulator involvement, indicating significant legal and regulatory risks. The client has requested urgent attention, which adds to the time sensitivity of the situation."
C-03411,Yes,No,No,No,No,Yes,No,Yes,No,No,No,No,No,No,No,Yes,No,No,No,"The claim involves significant regulatory exposure due to unclear governing law and is complex due to cross-border elements. Further clarification is needed, indicating a potential escalation."
C-03432,No,No,No,No,No,No,Yes,No,No,No,No,No,No,No,No,No,Yes,No,No,"The claim involves a formal legal communication requiring a time-sensitive response, indicating a potential legal dispute."
C-03459,No,No,Yes,Yes,No,No,No,No,No,No,No,No,No data available,No data available,No,No,Yes,No,Yes,"The claim features potential fraud indicators due to conflicting information reported by the client, as well as a time-sensitive callback request, raising concerns over the legitimacy of the loss event."
C-03464,No,No,No,No,No,No,No,No,No,No data available,No,No,No,No data available,No,No,No,No,No,"A loss event has occurred impacting property and contents, specifically the basement, but there are no indicators of severe risks or suspicious activities noted."
C-03470,Yes,No,No,No,No,No,Yes,Yes,No,No,No,No,No,No,Yes,Yes,Yes,No,No,"The claim involves severe legal and regulatory risks due to anticipated regulator engagement and an injunction. Additionally, there are cross-border complexities that elevate the risk profile."
C-03560,No,Yes,No,No,Yes,No,No,Yes,No,No,No,No,No,No,No,Yes,Yes,No,No,"The claim involves operational risks associated with a hurricane and includes overseas elements, indicating jurisdictional complexity. There is an urgent request for follow-up, reflecting time sensitivity and potential business-critical implications."
C-03568,No,No,No,Yes,No,Yes,Yes,Yes,No,No,No,No,No,No,No,Yes,Yes,No,No,"The claim presents risks due to conflicting information and potential legal disputes related to a breach of contract and unclear governing law, coupled with a requirement to adhere to limitation periods."
C-03691,No,No,No,Yes,No,No,No,No,No,No,No,No,No,No,Yes,No,No,No,No,"The claim involves storm-related damage to the roof, and there is a suspicion of duplicate reporting, which may indicate conflicting information. Regulatory involvement has been noted due to the nature of the claim."
C-04003,No,No,Yes,No,No,No,No,Yes,No,Yes,No,No,No,No,No,Yes,No,No,Yes,"The claim involves suspected theft and arson, indicating potential fraud risks. Additionally, there are cross-border considerations, and policy exclusions may apply."
C-04146,Yes,No,No,No data available,No,No,Yes,Yes,No,Yes,No,No,No,No data available,No,Yes,Yes,No,No,"The claim presents a severe legal risk due to the potential for litigation and is time-sensitive, with factors including overseas elements and flood zone implications."
C-04216,Yes,Yes,No,Yes,No,No,No,No,No,No,No,No,No,No,Yes,No,No,No,No,"The claim involves significant fire damage to a warehouse, indicating a business-critical impact, and there is involvement from regulators, suggesting potential legal risks. Additionally, there are conflicting details regarding the incident dates that need further investigation."
C-04571,No,No,No,Yes,No,Yes,No,No,No,Yes,No,No,No,No,No,No,Yes,No,No,The claim indicates coverage may be unclear and exclusions could apply due to the damage from heavy rainfall. Uncertainty in the caller's tone suggests potential follow-up may be needed.
C-04580,No,No,No,No,No,Yes,No,No,Yes,No,No,Yes,No,No,No,No,No,No,No,"The claim is characterized by unclear incident descriptions and ambiguous scope regarding risk controls, indicating potential issues with policy interpretation and coverage terms."
C-04657,No,No,No,No,No,Yes,No,No,Yes,No,No,Yes,No,No,No,No,Yes,Yes,No,"The claim presents risks related to unclear policy interpretation and incident descriptions, with urgent time sensitivity and missing documentation needing prompt attention."
C-04968,Yes,Yes,No,Yes,No,Yes,Yes,No,Yes,Yes,No,No,No,Yes,No,No,No,Yes,No,"The claim presents significant risks with potential legal disputes due to IP infringement and exclusion concerns related to unverified business interruption, alongside missing documentation and conflicting timelines."
C-05023,Yes,Yes,No,No data available,No,Yes,Yes,Yes,No,No,No,No,No,No,No,No,No,No,No,"The claim involves a dispute that has escalated to a legal threat with unclear governing law, indicating significant legal and business impacts."
C-05030,No,Yes,No,No data available,No,No,No,No,No,No,No,No,No,No,No,No,No,No,No,"The claim involves fire damage to a warehouse, indicating a potential business interruption risk. Although the claim is settled historically, it raises concerns over business-critical impact."
C-05062,No,No,No,No data available,Yes,No,Yes,Yes,No,No,No,No,No,No,No,Yes,No,No,No,"The claim involves a breach of contract with multiple parties and includes overseas elements, indicating potential complexities in jurisdiction. Historical rejection of similar claims suggests a need for careful assessment."
C-05122,No,No,Yes,No,No,No,No,No,No,Yes,No,No,No,No,No,No,Yes,No,Yes,"The claim involves potential fraud due to reported theft of equipment following heavy rainfall, and the client has requested an urgent callback, indicating time sensitivity."
C-05369,No,No,Yes,No,No,No,No,No,No,No,No,No,No,No,Yes,No,No,No,Yes,"The claim involves storm-related damage and water ingress, with a police reference provided, indicating potential fraud or suspicious activity. Regulatory involvement is noted, but there are no indications of legal disputes or significant business impact."
C-05409,No,No,No,No,No,Yes,Yes,Yes,No,No,No,No,No,No,No,No,Yes,No,No,"The claim involves an employment dispute with jurisdiction in question, but has low value and requires urgent attention due to the client's request."
C-05523,No,Yes,No,No,No,No,No,No,No,Yes,No,No,No,Yes,No,No,No,Yes,No,"The claim involves storm-related damage to a warehouse along with fire damage, raising concerns about potential policy exclusions and missing documentation which may affect claim processing."
C-05550,No,Yes,No,Yes,No,No,No,No,No,No,No,No,No,No,No,No,No,No,No,"The claim indicates a potential business interruption due to water ingress, raising concerns about conflicting information as it is suspected to be a duplicate of an earlier report."
C-05609,Yes,No,No,No,No,No,Yes,No,No,No,No,No,No,No,No,No,Yes,No,No,"The claim involves an employment dispute with time-sensitive response requirements, indicating a severe legal risk. Follow-up actions are necessary to address this matter appropriately."
C-05843,No,Yes,No,No,No,No,No,No,No,No data available,No,No,No,No,No,No,No,No,No,"The claim involves significant fire and storm damage to a warehouse, indicating potential business-critical impact due to property loss."
C-06138,No,No,No,Yes,Yes,Yes,Yes,Yes,No,No,No,No,No,Yes,No,Yes,Yes,Yes,No,"The claim presents significant risks due to conflicting information, unclear governing law, and cross-border elements, which may lead to legal disputes. Additionally, the handler noted missing documentation and considerations surrounding limitation periods."
C-06198,No,No,Yes,No,No,No,No,No,No,No data available,No,No,No,No,No,No,No,No,Yes,"The claim involves storm-related damage with basement effects, but there is a suspicion of arson, indicating potential fraud risk."
C-06376,Yes,No,No,Yes,No,No,No,Yes,No,No,No,No,No,No,Yes,Yes,No,Yes,No,"The claim presents severe legal and regulatory risks due to anticipated regulatory engagement and cross-border considerations, compounded by suspected conflicting information and missing documentation."
C-06398,No,No,No,Yes,No,No,No,No,No,Yes,No,Yes,No,No,No,No,No,No,No,"The claim exhibits conflicting information due to the caller's uncertainty and an unclear incident description, suggesting the need for further investigation. Additionally, it is noted that policy exclusions related to storm or flood damage may apply."
C-06638,No,No,No,No data available,No,Yes,Yes,Yes,No,No,No,No,No,No,No,No,No,No,No,"The claim involves an employment dispute with unclear governing law, presenting risks related to legal disputes and jurisdictional complexity. Additionally, there are uncertainties about policy interpretation."
C-06679,Yes,No,No,Yes,No,No,No,No,No,No,No,No,No,No,No,No,Yes,No,No,"The claim involves a court injunction, indicating a potential severe legal risk. Additionally, there are conflicting dates that require further review."
C-06884,No,Yes,No,No,No,No,No,No,No,No,No,No,No,No,No,No,No,No,No,"The claim presents a business interruption risk due to water ingress noted and a small crack, but there are no indicators of fraud or legal disputes."
C-06945,No,Yes,No,No,No,No,No,No,No,Yes,No,No,No,Yes,No,No,Yes,Yes,No,"The claim presents a business critical impact due to reported theft of equipment and potential business interruption, but lacks supporting documentation and may have exclusions that apply."
C-06982,No,No,No,No,No,Yes,No,No,Yes,No,No,Yes,No,No,No,No,No,No,No,"The claim is characterized by unclear incident description and ambiguity regarding policy interpretation and coverage scope, raising concerns about the adequacy of information to assess risk controls."
C-07018,Yes,No,No,Yes,No,No,No,No,No,No,No,No,No,No,Yes,No,No,Yes,No,"The claim involves potential regulatory exposure and lacks necessary policy documentation, while conflicting date information raises concerns. Regulator engagement is anticipated."
C-07101,Yes,No,No,No data available,No,No,Yes,No,No,Yes,No,No data available,No,No,No,No,No,No,No,"The claim presents a severe legal risk due to an escalated dispute with limited evidence available, and it may involve exclusions due to being located in flood zone 3."
C-07116,No,No,No,No,No,No,No,No,No,Yes,No,No,No,No,No,No,No,No,No,"The claim is for a minor loss event due to a compromised roof, which was historically rejected, indicating potential exclusions may apply."
C-07183,No,No,Yes,Yes,No,No,No,No,No,No,No,Yes,No,Yes,No,No,No,Yes,No,"The claim lacks supporting documentation and is suspected to be a duplicate, raising concerns about potential fraud and unclear incident description."
C-07290,No,No,No,No,No,No,No,No,No,Yes,No,No,No,No,No,No,No,No,No,"The claim involves water damage as a result of heavy rainfall, with potential policy exclusions related to weather-related incidents. There are no indicators of fraud or legal disputes."
C-07452,Yes,No,No,No,Yes,No,Yes,No,No,No,No,No,No,No,No,No,Yes,No,No,"The claim involves multiple parties and has received a formal letter from a counterparty, indicating potential legal disputes and time sensitivity due to an urgent callback request from the client."
C-07499,No,Yes,No,Yes,No,Yes,No,No,No,Yes,No,No,No,No,No,No,No,No,No,"The claim involves significant fire damage at a commercial warehouse located in a flood zone, raising coverage exclusion concerns and highlighting conflicting information related to dates."
C-07565,No,No,No,No data available,Yes,No,Yes,Yes,No,No,No,No,No,No,No,Yes,No,No,No,"This claim involves an employment dispute with multiple parties and overseas elements, indicating legal disputes and complex incident details."
C-07583,No,Yes,No,Yes,No,Yes,No,Yes,Yes,Yes,No,No,No,No,No,No,Yes,No,No,"The claim indicates potential business interruption from storm damage, with uncertainty in policy coverage and exclusions that may apply. There are conflicting notes from the caller and the need for follow-up further highlights the risk of unresolved issues."
C-07881,Yes,No,No,Yes,No,No,Yes,No,No,No,No,No,No,No,Yes,No,No,No,Yes,"The claim involves IP infringement and has potential legal disputes with suspected duplicity in reports, highlighting possible severe regulatory risks."
C-07976,No,Yes,Yes,Yes,No,Yes,No,Yes,Yes,Yes,No,No,No,No,No,No,No,No,No,"The claim presents multiple risk signals including potential fraud concerns, conflicting information suggesting a duplicate report, and ambiguities in policy coverage and exclusions. Business interruption is flagged as relevant, potentially indicating significant impact."
C-08066,Yes,No,No,No,No,No,Yes,Yes,No,No,No,No,No,No,Yes,Yes,Yes,No,No,"This claim involves a time-sensitive response regarding a data protection incident, indicating potential regulatory risks and legal disputes, with overseas elements present."
C-08131,No,No,No,No data available,No,Yes,No,Yes,No data available,No,No,No,No,Yes,No,Yes,No,Yes,No,"The claim involves storm-related damage with jurisdictional complexities due to unclear governing law and overseas elements. Additionally, there are missing attachments that indicate potential lack of required documentation."
C-08249,No,No,No,Yes,No,No,No,No,No,No,No,No,No,Yes,No,No,No,Yes,No,"The claim shows conflicting information due to missing attachments, indicating a potential issue with required documentation that needs to be resolved for a proper assessment."
C-08251,No,No,Yes,No,No,No,No,No,No,Yes,No,No,No,No,No,No,No,Yes,Yes,"The claim involves damage following heavy rainfall but is flagged for suspected arson, indicating potential fraud concerns. Additionally, there are missing document attachments, which raises questions about the completeness of the claim."
C-08253,No,Yes,No,Yes,No,Yes,Yes,No,Yes,Yes,No,No,No,No,No,No,Yes,No,No,"The claim involves potential fire damage and breach of contract, raising concerns about legal disputes and unclear coverage terms. There are conflicting details noted, which necessitate further investigation."
C-08279,No,Yes,No,No,No,Yes,No,Yes,No,No,No,No,No,No,No,No,No,No,Yes,"The claim indicates potential business interruption due to theft of equipment with unclear governing law, which may lead to policy interpretation issues and jurisdictional complexity."
C-08305,No,No,Yes,Yes,No,Yes,No,Yes,No data available,No,No,No,Yes,No,No,Yes,No,No data available,Yes,"The claim involves potential fraud signals, conflicting information regarding the incident report, and complexities due to unclear governing law and cross-border elements."
C-08355,No,Yes,No,No,No,No,No,No,No,Yes,No,No,No,Yes,No,No,No,Yes,No,"The claim involves significant damage to a warehouse due to fire and heavy rainfall, with critical business impact and missing policy documents indicating potential coverage issues."
C-08388,No,No,No,Yes,No,No,No,No,No,No,No,No,No,Yes,No,No,No,Yes,No,"The claim shows potential conflict in dates and lacks supporting documentation, which raises concerns about its validity and completeness."
C-08426,No,No,Yes,No,No,No,No,No,No,Yes,No,No,No,No,Yes,No,No,No,Yes,"The claim involves damage from heavy rainfall and subsidence, with police reference indicating possible fraudulent aspects. There may be policy exclusions related to the water ingress incident."
C-08557,No,No,No,Yes,No,No,No,No,No,No,No,No,No,Yes,No,No,No,Yes,No,"The claim presents conflicting information with a suspected duplicate, alongside missing policy documentation; however, there are no indications of fraud or severe legal risks."
C-08587,No,No,No,No data available,No,No,Yes,No,No,No,No,No,No,No,No,No,No,No,Yes,"The claim involves a legal dispute that has escalated into a legal threat, but evidence is currently limited."
C-08588,Yes,No,No,No,No,Yes,Yes,Yes,No,No,No,No,No,No,No,Yes,No,No,No,"The claim involves an allegation of IP infringement with a disputed jurisdiction, indicating a potential legal dispute and policy interpretation issues."
C-08681,Yes,No,No,Yes,No,No,No,No,No,No,No,No,No,No,Yes,No,No,No,No,"There is a significant regulatory risk due to anticipated regulator engagement and a compliance gap analysis request. Additionally, conflicting information regarding dates may complicate the resolution."
C-08799,No,Yes,No,Yes,No,No,No,No,No,No,No,No,No,Yes,No,No,No,Yes,No,"The claim has significant business-critical impact due to fire and storm damage, but poses risks from conflicting information and missing documentation."
C-08816,No,No,No,No data available,No,No,No,No,No,Yes,No,No,No,No,No,No,No,No,No,"The claim involves damage to the basement due to heavy rainfall. Although the claim is of low value, policy exclusions related to water-related damage may be a concern, compounded by its previous rejection."
C-08943,Yes,Yes,Yes,Yes,No,No,No,No,No,Yes,No,No,No,No,Yes,No,No,No,Yes,"The claim involves severe damage due to heavy rainfall and fire, with regulatory involvement and suspected duplication, indicating potential for fraud. There are concerns about policy exclusions related to the nature of the damage."
C-09129,No,No,No,Yes,No,No,No,Yes,No,No,No,No,No,No,No,Yes,No,No,No,"The claim shows conflicting information from the client and involves cross-border considerations, indicating potential complexity in handling the claim."
C-09160,No,No,No,Yes,Yes,Yes,Yes,Yes,No,No,No,No,No,No,No,Yes,Yes,No,No,"The claim involves a potential breach of contract with disputed jurisdiction and cross-border implications, suggesting complexity and a requirement for careful interpretation of policy terms."
C-09247,Yes,No,Yes,No,No,No,Yes,No,No,Yes,No,No,No,No,No,No,Yes,No,Yes,"The claim is at risk due to a legal dispute and potential fraud indicators, requiring urgent attention to adhere to limitation periods."
C-09319,No,No,No,No,No,No,No,No,No,No,No,Yes,Yes,Yes,No,No,No,Yes,No,"The claim lacks sufficient documentation, with no policy documents provided, raising concerns about its validity. Additionally, the vague incident description may indicate potential issues with meeting required conditions."
C-09460,No,Yes,No,No data available,No,No,No,No,No,No data available,No,Yes,No,No,No data available,No,No,Yes,Yes,"The claim involves a compromised roof due to a fire, with missing evidence and documentation, indicating potential risks for business interruption and unresolved incident descriptions."
C-09468,No,No,No,No,Yes,No,Yes,No,No,No,No,No,No,No,No,No,Yes,No,Yes,"The claim involves a legal dispute with multiple parties, indicating potential complexity and urgency. A legal threat has been escalated, which signifies a need for prompt attention."
C-09634,Yes,No,No,Yes,No,No,No,Yes,No,No,No,No,No,No,Yes,Yes,No,No,No,"The claim involves subsidence with potential regulatory engagement, indicating significant regulatory risk and conflicting dates that warrant further investigation."
C-09826,No,No,No,No,Yes,No,Yes,No,No,No,No,No,No,Yes,No,No,No,Yes,No,"The claim involves a potential breach of contract with multiple parties named and lacks supporting documentation, indicating possible concerns regarding required conditions not being met."
C-09848,No,No,Yes,No,No,Yes,Yes,Yes,No,Yes,No,No,No,No,No,Yes,No,No,Yes,"The claim involves a legal dispute with jurisdiction in question, crossing border considerations, and potential fraud indicators due to police reference. Additionally, there may be policy interpretation issues and exclusions related to the flood zone."
C-09875,No,No,No,Yes,No,Yes,Yes,Yes,No,No,No,Yes,No,No,No,No,No,Yes,No,"The claim involves an employment dispute with jurisdictional complexity and conflicting information, along with uncertainty regarding the incident details and missing evidence."
C-09887,Yes,Yes,No,No,No,No,No,No,No,No,No,No,No,No,No,No,Yes,No,No,"The claim involves a potential business interruption with an affected basement and an injunction, indicating significant urgency and possible severe legal exposure."
C-10102,No,No,No,Yes,Yes,Yes,Yes,Yes,No,No,No,No,No,No,No,Yes,Yes,No,No,"The claim involves an employment dispute with jurisdictional complexity, potential conflicting information, and a request for urgent handling, indicating time sensitivity."
C-10116,Yes,Yes,No,Yes,No,Yes,Yes,Yes,Yes,No,No,Yes,No,Yes,No,Yes,No,Yes,Yes,"The claim involves significant legal exposure due to breach of contract and unclear coverage terms, alongside jurisdictional complexities from overseas elements and missing policy documents."
C-10144,Yes,No,No,No,No,Yes,Yes,No,No,Yes,No,No,No,No,No,No,No,No,Yes,"The claim involves water ingress at a commercial property and is part of a class action, indicating potential severe legal risk. There are also concerns about unclear exclusions in the policy that may apply."
C-10205,No,No,Yes,No data available,No,No,No,No,No,No,No,No,No,No,No,No,No data available,No,Yes,"The claim carries potential fraud risks due to suspected arson, indicating a need for careful assessment and investigation."
C-10237,No,No,No,Yes,No,Yes,Yes,Yes,No,No,No,No,No,No,No,Yes,No,No,No,"The claim involves a potential breach of contract with a disputed jurisdiction, which increases legal complexity. Conflicting information about the claim's validity may also raise concerns."
C-10304,No,No,No,No,No,No,No,No,No,No,No,No,No,Yes,No,No,No,Yes,No,"The claim is missing policy documents, which may indicate required conditions have not been met. There are no signs of fraud or other significant risks present."
C-10343,No,No,No,Yes,No,No,Yes,No,No,No,No,Yes,No,No,No,No,Yes,Yes,No,"There are conflicting reports and inadequate evidence related to the fire incident, and the case is noted as potentially a duplicate. Additionally, time sensitivity and missing documentation raise concerns about the claim's validity."
C-10582,No,No,No,No,No,No,No,No data available,No,Yes,No,No,No,Yes,No,No,No,Yes,No,"The claim presents risks related to potential exclusions due to wear and tear and missing documentation, which could complicate the evaluation of coverage."
C-10593,No,Yes,No,No,No,No,No,No,No,Yes,No,No,No,Yes,No,No,No,Yes,No,"The claim indicates potential business interruption due to basement damage; however, there are missing attachments and potential policy exclusions that could impact coverage."
C-10731,Yes,Yes,No,Yes,Yes,Yes,Yes,Yes,No,No,No,No,No,Yes,No,Yes,No,Yes,No,"The claim involves serious legal risks due to an IP infringement allegation and jurisdiction disputes, along with significant business impacts from a major fire. Additionally, there are concerns regarding missing documentation and conflicting information."
C-10838,Yes,No,Yes,No,No,No,No,No,No,No,No,No,No,No,Yes,No,Yes,Yes,Yes,"The claim involves arson, creating potential fraud risk and indicating anticipated regulator engagement, alongside urgent callback requests and missing evidence."
C-10852,No,No,No,No data available,Yes,Yes,No,Yes,Yes,No,No,Yes,No,No,No,Yes,No,No,No,"The claim involves subsidence with unclear scope and complex incident details, coupled with policy interpretation issues and cross-border considerations, indicating potential challenges in assessment and resolution."
C-10974,No,No,No,No,No,No,Yes,No,No,No,No,No,No,Yes,No,No,No,Yes,No,"The claim is marked by legal disputes as indicated by a formal letter from the counterparty. Evidence is limited and documentation is missing, which raises concerns about compliance with required conditions."
C-10975,No,No,Yes,No,No,No,No,No,No,Yes,No,No,No,No,No,No,No,No data available,Yes,"The claim indicates potential fraud due to the involvement of a police reference following damage in the basement after heavy rainfall. Additionally, policy exclusions related to weather-related incidents may apply."
C-11036,No,Yes,Yes,No,No,No data available,No,No,No,No data available,No,No,No data available,Yes,No,No,Yes,Yes,Yes,"The claim involves storm-related damage and fire damage to a warehouse, but lacks supporting documentation, raising potential fraud concerns. Urgency is indicated, and there are missing documents which could affect claim validity."
C-11242,Yes,No,No,No data available,No,No,No,No,No,No,No,No,No,No,Yes,No,No data available,No,Yes,"The claim involves an anticipated regulator engagement due to a fire incident, indicating a significant legal or regulatory risk. There are mentions of fraud or potential suspicion, although no documentation suggests fraudulent actions."
C-11306,Yes,No,No,No,No,Yes,Yes,Yes,No,No,No,No,No,No,No,Yes,No,No,No,"The claim presents significant legal risks due to unclear governing law and potential breach of contract related to IP infringement, raising concerns about jurisdictional complexities."
C-11652,No,Yes,No,Yes,No,No,No,No,No,No,No,No,No,No,No,No,No,No,Yes,"The claim involves storm-related damage and a major fire, raising alarms about potential fraud or arson. There is conflicting information regarding the dates, which warrants further investigation."
C-11694,No,Yes,No,No,No,No,No,Yes,No,No,No,Yes,No,Yes,No,No,No,Yes,No,"The claim involves significant fire damage to a commercial warehouse, which suggests potential for business-critical impact; however, missing documentation and vague incident description raise concerns about the validity and completeness of the claim."
C-11833,No,No,No,No,No,No,Yes,Yes,No,No,No,No,No,No,No,Yes,Yes,No,No,"The claim has time-sensitive legal disputes with cross-border elements, indicating potential complexity and urgency in the response required."
C-11851,No,Yes,Yes,Yes,No,No,No,No,No,No,No,No,No,No,No,No,No,No,Yes,"The claim indicates potential business interruption due to water ingress, with conflicting dates noted, suggesting a need for careful review. Additionally, the presence of police reference may imply areas of fraudulent concern."
C-11894,No,Yes,No,No,No,No,No,No,No,No,No,No,No,No,No,No,Yes,No,No,"The claim indicates storm-related damage leading to fire damage to a warehouse, suggesting a significant business impact. The client has expressed urgency for a callback, which may increase concerns regarding timely response."
C-11926,No,No,No,No,No,Yes,No,Yes,No,No,No,Yes,No,No,No,Yes,Yes,Yes,No,"The claim presents potential risks due to unclear governing law and lack of supplied evidence, indicating possible legal interpretation issues. Urgency is noted in the client's request for a callback, alongside the presence of cross-border elements."
C-12029,No,No,Yes,No data available,No,No,Yes,No,No,No,No,No,No,No,No,No,Yes,No,No,"The claim has a formal legal dispute element requiring a time-sensitive response, indicating a potential for legal escalation. Additionally, there are indicators of possible fraud due to the involvement of a police reference."
C-12035,No,Yes,No,No,No,No,No,Yes,No,No,No,No,No,No,No,Yes,No,No,No,"The claim indicates potential business interruption due to basement damage, with overseas elements adding jurisdictional complexity. No significant legal risks or indicators of fraud were identified."
C-12168,No,No,No,Yes,No,No,No,Yes,No,No,No,No,No,No,No,No,No,No,No,"The claim has conflicting information regarding dates that may need further examination, and it involves a jurisdiction noted as the UK, which could introduce jurisdictional complexity."
C-12663,No,No,Yes,No,No,No,No,Yes,No,Yes,No,No,No,No,No,Yes,No,No,Yes,"The claim involves subsidence affecting property and contents, with the presence of overseas elements suggesting jurisdictional complexity. Indications of potential fraud are noted due to the police reference and suspicion of a duplicate report."
C-12773,Yes,No,Yes,Yes,No,No,Yes,No,No,No,No,No,Yes,Yes,No,No,No,Yes,No,"The claim is associated with severe legal risks due to IP infringement and potential fraudulent elements, compounded by conflicting information from the client and missing policy documentation."
C-12788,No,No,No,No,No,No,Yes,No,No,No,No,No,No,No,No,No,No,No,No,"The claim involves an employment dispute raised by a former contractor, with currently limited evidence and an uncertain caller, indicating a potential need for follow-up."
C-12806,No,No,Yes,No,No,Yes,Yes,Yes,No,No,No,No,No,Yes,No,Yes,No,Yes,Yes,The claim involves an employment dispute with potential for fraud indicators and jurisdictional complexity due to cross-border elements. There are also issues with unclear governing law and missing documentation.
C-12901,No,No,No,No data available,No,No,No,No,No,No,No,No,No,No,No,No,No,No,No,The claim involves a minor water ingress event affecting property and contents with a settled historical outcome. There are no significant risk signals associated with this claim.
C-12980,Yes,No,No,No,No,No,Yes,No,No,No,No,No,No,No,No,No,Yes,No,No,"The claim involves a legal dispute stemming from an employment issue with an injunction, indicating potential severe legal risks. Limited evidence currently available may pose challenges in resolution."
C-13156,No,No,Yes,Yes,No,Yes,Yes,No,Yes,Yes,No,No,No,No,No,No,No,No,Yes,"The claim raises potential fraud concerns due to reported theft alongside suspected duplication of claims, with indications of legal disputes and possible breach of coverage terms."
C-13167,No,No,No,No,Yes,No,Yes,No,No,No,No,No,No,Yes,No,No,No,Yes,No,"The claim entails a legal dispute involving multiple parties, which may indicate complexities in resolution. Additionally, missing attachments have been flagged, raising concerns about required documentation not being met."
C-13199,No,Yes,No,No data available,No,No,No,No,No,No,No,No data available,No,No,No,No,No,Yes,No,"The claim presents a risk of business interruption due to a compromised roof, albeit minor. Evidence is currently missing, indicating potential delays in assessing the full impact."
C-13405,No,No,No,No,No,Yes,Yes,Yes,No,No,No,No,No,No,No,No,No,No,No,"The claim involves a potential breach of contract with unclear governing law, indicating risks related to legal disputes and policy interpretation issues."
C-13440,No,No,No,Yes,No,Yes,Yes,Yes,No,No,No,No,No,No,No,Yes,No,No,No,"The claim indicates legal disputes and concerns regarding jurisdiction, with potential issues related to policy interpretation. Additionally, there are conflicting details present that raise the risk profile."
C-14225,No,No,No,Yes,No,No,No,No,No,No,No,Yes,No,Yes,No,No,No,Yes,No,"This claim is at risk due to missing documentation and conflicting information, which raises concerns about the validity and clarity of the claim."
C-14236,No,No,No,Yes,No,Yes,Yes,Yes,No,No,No,No,No,No,No,No,No,No,No,"The claim involves a legal dispute regarding employment raised by a former contractor, with unclear governing law and evidence of conflicting information, necessitating follow-up."
C-14241,Yes,No,No,No,No,No,No,No,No,No,No,No,No,No,Yes,No,No,No,No,"The claim presents a severe legal or regulatory risk due to anticipated regulator engagement, indicating a potential regulatory exposure."
C-14273,No,No,Yes,Yes,No,No,No,No,No,No,No,No,No,No,No,No,No,No,Yes,"The claim involves theft of equipment, which raises potential fraud concerns, and the caller's uncertainty indicates conflicting information may need to be clarified."
C-14276,Yes,No,No,No,No,No,Yes,Yes,No,Yes,No,No,No,No,No,Yes,Yes,No,No,"The claim has time-sensitive elements and involves legal disputes, with indications of prior losses and cross-border complexities, potentially increasing the risk of regulatory exposure."
C-14284,No,No,No,No data available,No,No,No,No,No,No,No,No,No,No,Yes,No,No,No,No,"The client is seeking advice on regulatory exposure but there is no immediate dispute. The historical outcome was accepted, indicating no prior issues."
C-14592,No,Yes,Yes,No,No,No,No,Yes,No,No,No,No,No,Yes,No,Yes,No,Yes,Yes,"The claim indicates a high risk due to potential fraud and arson involvement, coupled with missing documentation that is critical for processing. Additionally, the cross-border considerations introduce complexity that may affect the claim outcome."
C-14606,No,No,No,No,No,No,Yes,No,No,No,No,No,No,Yes,No,No,Yes,Yes,No,"The claim involves an employment dispute requiring immediate attention, but it lacks supporting documentation and may not meet required conditions."
C-14765,Yes,Yes,No,No,No,No,No,No,No,No,No,No,No,No,Yes,No,No,No,Yes,"The claim involves a major fire with regulator engagement anticipated, indicating severe legal or regulatory risks and potential business-critical impacts. There are no indications of fraud or conflicting information."
C-14778,No,No,No,No,No,No,Yes,No,No,No,No,No,No,No,No,No,Yes,No,No,"The claim involves a potential breach of contract concerning storm damage, indicating legal dispute risk, with an urgent response required due to time sensitivity."
C-14831,No,Yes,No,No,No,No,No,No,No,No,No,No,No,No,No,No,No,No,No,"The claim indicates a business interruption risk due to basement damage, suggesting potential financial impact on operations."
C-14977,No,No,Yes,No,No,No,No,No,No,No,No,No,No,Yes,No,No,No,Yes,Yes,"The claim involves a reported theft of equipment at a commercial premises with no supporting documentation provided, indicating potential fraud and missing required conditions."
C-15003,Yes,Yes,No,No data available,No,No,No,Yes,No,No,No,No,No,No,Yes,No,No,No,No,"The claim involves a fire damage incident at a warehouse, indicating potential business-critical impact and regulator involvement, which raises significant legal and regulatory risks."
C-15114,Yes,No,No,No,No,No,No,Yes,No,No,No,No,No,No,No,Yes,Yes,No,No,"This claim involves severe legal implications due to an injunction and cross-border considerations, indicating potential complexities in jurisdiction and legal standing."
C-15166,Yes,Yes,No,Yes,No,Yes,Yes,No,No,No,No,No,No,No,No,No,No,No,No,"The claim indicates potential business interruption and legal disputes due to IP infringement, with conflicting information noted from the caller and uncertainty about the coverage applicability."
C-15171,No,No,No,Yes,No,No,Yes,No,No,No,No,Yes,No,No,No,No,No,No,No,"The claim involves an employment dispute with limited evidence, leading to uncertainty. There are indications of conflicting information and unclear incident descriptions, necessitating follow-up."
C-15350,No,Yes,No,Yes,No,No,No,No,No,No,No,No,No,No,No,No,No,No,No,"The claim indicates potential business interruption due to fire damage to a warehouse, with conflicting information suggested by the caller's uncertainty."
C-15368,No,Yes,No,Yes,No,No,No,Yes,No,Yes,No,No,No,No,No,No,No,No,No,"The claim involves significant fire damage to a warehouse, raising concerns about business-critical impact, and there are potential exclusions due to prior losses. Conflicting information regarding dates and jurisdictional complexity may complicate the claim assessment."
C-15653,No,No,No,Yes,No,Yes,Yes,Yes,No,No,No,No,No,No,No,Yes,No,No,No,"The claim presents potential legal disputes related to IP infringement, with jurisdictional complexity suggesting additional scrutiny may be needed due to conflicting information."
C-15951,No,No,No data available,Yes,Yes,Yes,Yes,Yes,No data available,No data available,No,No data available,No data available,Yes,No,Yes,No,Yes,No,"The claim involves a legal dispute with jurisdictional complexities and lacks supporting documentation, raising concerns about conflicting information and mandatory conditions not being met."
C-16335,Yes,No,No,No data available,No,No,Yes,Yes,No,No,No,No,No,No,No,Yes,Yes,No,No,"The claim involves a formal legal dispute and has cross-border considerations, indicating severe legal risk due to an injunction and potential jurisdictional complexities."
C-16405,No,No,No,No,No,Yes,Yes,Yes,No,No,No,No,No,Yes,No,Yes,No,Yes,No,"The claim involves a disputed jurisdiction and lacks supporting documentation, indicating potential legal disputes. Additionally, required conditions are not met and there are policy interpretation issues."
C-16634,No,Yes,No,No data available,No,No,No,No,No,No,No,No,No,No,No,No,No,No,No,"The claim involves significant fire damage to a warehouse, indicating a business-critical impact due to potential operational disruption and financial loss."
C-16858,Yes,Yes,No,No,Yes,No,No,No,No,No,No,No,No,No,Yes,No,No,No,No,"This claim involves a business interruption due to a compromised roof and a data protection incident, indicating both operational impact and potential regulatory ramifications."
C-16902,No,No,Yes,Yes,No,No,No,No,No,No,No,No,No,No,No,No,Yes,No data available,Yes,"The claim involved a theft at commercial premises, raising potential fraud concerns and indicating some uncertainty in the caller's account. Follow-up is needed to clarify details and assess the situation."
C-17015,Yes,No,No,Yes,No,No,Yes,No,No,No,No,No,No,No,No,No,Yes,No,No,"The claim involves a legal threat, indicating a severe legal risk, and there is uncertainty in communication with the caller, suggesting the need for further follow-up."
C-17028,No,Yes,No,No,Yes,Yes,No,Yes,Yes,No,No,Yes,No,No,No,No,No,No,No,"The claim involves a major fire with unclear compliance scopes, indicating potential business-critical impacts and risks related to policy interpretation and jurisdictional complexities."
C-17171,Yes,No,No,Yes,No,No,Yes,Yes,No,No,No,No,No,No,No,No,Yes,No,No,"The claim involves a potential breach of contract and jurisdiction disputes, indicating severe legal risk. There is conflicting information reported by the client and an injunction in place, which adds to the urgency of the situation."
C-17224,Yes,No,No,No,No,No,Yes,No,No,No,No,No,No,Yes,No,No,Yes,Yes,No,"This claim involves an IP infringement allegation that requires a time-sensitive response, indicating potential legal disputes. Missing evidence and attachments raise concerns about required conditions not being met."
C-17360,No,No,Yes,No,No,No,No,No,No,No,No,No,No,No,No,No,No,No,Yes,"The claim involves suspected arson related to storm damage, indicating potential fraud risk."
C-17661,No,No,Yes,Yes,No,No,No,No,No,Yes,No,No,No,No,No,No,No,No,No,"The claim raises potential fraud concerns due to suspicion of duplication, and there are indications that exclusions may apply due to the nature of water damage from heavy rainfall."
C-17898,No,Yes,No,No,No,No,No,No,No,Yes,No,No,No,No,No,No,No,No,No,"The claim involves storm-related damage that has resulted in fire damage to a warehouse, indicating a potential for significant business interruption. There may be policy exclusions that could affect coverage."
C-18367,No,Yes,No,No data available,No,No,No,No,No,No,No,No data available,No,No data available,No,No,No data available,No,Yes,"The claim involves fire damage to a warehouse leading to business interruption, indicating a significant risk to business operations. The involvement of police suggests potential concerns regarding fraud or arson."
C-18541,Yes,No,No,No,No,No,No,Yes,No,No,No,No,No,Yes,No,Yes,No,Yes,No,The claim indicates a severe legal or regulatory risk due to a data protection incident with cross-border implications and missing documentation could hinder the review process.
C-18543,No,No,No,No,No,No,No,Yes,No,Yes,No,No,No,No,No,Yes,No,Yes,No,"The claim presents potential risks related to exclusions applying due to wear and tear, as well as missing documentation, with noted jurisdictional complexity in the EU."
C-18573,No,Yes,No,Yes,No,No,No,No,No,No,No,No,No,Yes,No,No,No,Yes,No,"The claim indicates business interruption due to a compromised roof, but lacks supporting documentation and contains conflicting information, which raises concerns regarding validity."
C-18607,No,Yes,No,No data available,Yes,No,No,Yes,No,No,No,No,No,No,No,Yes,No,No,No,"The claim involves fire damage to a warehouse with significant business-critical impact and overseas elements, indicating potential jurisdictional complexity and a need for expert interpretation."
C-18790,No,No,No,No,No,Yes,Yes,Yes,No,No,No,No,No,Yes,No,Yes,No,Yes,No,"The claim raises concerns regarding a potential breach of contract with unclear governing law, along with missing documentation and policy interpretation issues, indicating complexities that require careful legal evaluation."
C-18900,No,No,No,Yes,No,No,No,Yes,No,No,No,No,No,No,No,No,No,No,No,"The claim indicates potential conflicting information, as it is suspected to be a duplicate of an earlier report. There is also noted jurisdictional complexity due to its context within UK regulations."
C-18932,No,No,No,Yes,No,Yes,Yes,Yes,Yes,No,No,Yes,No,Yes,No,Yes,Yes,Yes,No,"The claim involves an employment dispute with jurisdiction complexities, lack of supporting documentation, and urgent time sensitivity. Policy interpretation issues and conflicting information add further risk to the assessment."
C-19078,Yes,No,No,No,No,No,Yes,Yes,No,No,No,No,No,No,No,No,Yes,No,No,"This claim is associated with a class action arising from roof damage due to heavy rainfall, indicating significant legal exposure and time sensitivity for the client."
C-19176,No,Yes,No,No,No,Yes,No,Yes,Yes,Yes,No,No,No,Yes,No,Yes,Yes,Yes,No,"The claim involves significant damage from heavy rainfall and fire, with unclear coverage terms and potential exclusions. Additionally, the absence of policy documents and cross-border implications heightens the risk exposure."
C-19227,No,No,No,Yes,No,No,Yes,No,No,No,No,No,No,No,No,No,Yes,No,No,"The claim involves a potential breach of contract that has time-sensitive implications and conflicting information regarding dates, indicating legal dispute risks."
C-19258,No,Yes,No,No,No,No,No,No,No,No,No,No,No,No,No,No,No data available,No,No,"The claim involves business interruption due to fire damage to a warehouse, indicating a potential for significant financial impact."
C-19468,No,Yes,No,No,No,No,No,No,No,No,No,No,No,No,No,No,No,No,No,"This claim indicates a potential business interruption due to damage from a small crack in the basement. Overall, the risks appear manageable with no severe legal or regulatory issues identified."
C-19474,No,Yes,Yes,Yes,No,No,No,No,No,Yes,No,No,No,No,No,No,No,No,Yes,"The claim involves significant business interruption due to fire damage and suspected arson, coupled with conflicting information from the client, raising potential fraud concerns."
C-19543,No,Yes,No,No,No,No,No,No,No,No,No,No,No,No,No,No,No,No,No,"The claim indicates a business interruption with no immediate dispute or regulatory concerns, suggesting operational risks that require assessment."
C-19557,No,Yes,No,No data available,No,No,No,No,No,Yes,No,No,No,No,No,No,No,No,No,"The claim involves business interruption due to fire damage in a flood zone, indicating a potential risk of exclusion related to flood-related damages."
C-19750,No,No,No,No data available,No,No,No,No,No,No,No,No,No,Yes,No,No,No,Yes,No,"The claim indicates water ingress affecting property and contents, but lacks supporting documentation, which raises concerns about required conditions not being met and missing documentation."
C-19799,No,No,No,No,No,Yes,Yes,Yes,No,No,No,No,No,Yes,No,No,No,Yes,No,"The claim presents risks related to legal disputes and jurisdictional complexity, compounded by missing documentation and policy interpretation issues due to unclear governing law."
C-19895,No,No,No,No,No,No,No,No,No,Yes,No,No,No,No,No,No,No,No,No,"The claim involves storm-related damage to the roof, with a historical outcome of rejection, suggesting that exclusions may apply."
C-19912,No,No,No,No,No,No,No,No,No,No,No,No,No,No,No,No,Yes,No,No,"The claim involves a small crack and an urgent request for operational risk assessment; however, the scope and timeline are not specified."
C-20000,No,No data available,No,Yes,Yes,Yes,Yes,Yes,Yes,No data available,No data available,No data available,No data available,No data available,No,Yes,No data available,No,No,"The claim presents a potential breach of contract with uncertain evidence and cross-border complexity. Key concerns include conflicting information, complex incident details, and policy interpretation issues."
