,case_id,expected_priority,expected_action,notes,client_segment,jurisdiction,service_line,claim_value_band,attachments_present,historical_outcome,severe_legal_or_regulatory_risk,business_critical_impact,potential_fraud,conflicting_information,complex_incident_details,policy_interpretation_issues,legal_disputes,jurisdictional_complexity,coverage_terms_unclear,exclusions_may_apply,new_or_unusual_claim_type,unclear_incident_description,claim_invalid_or_fraudulent,required_conditions_not_met,has_regulator_involvement,has_cross_border_elements,has_time_sensitivity,has_missing_documentation,mentions_fraud_or_arson,risk_summary
0,C-03470,P0,Immediate escalation,synthetic gold; risk=0.82,Mid-Market,UK,Advisory,250k-1m,No,Accepted,Yes,No,No,No,No,No,No,Yes,No,No,No,No,No,No,Yes,Yes,Yes,No,No,"The claim involves significant regulatory risk due to an upcoming engagement with regulators and cross-border considerations, along with an injunction that adds urgency to the situation."
1,C-19557,P0,Immediate escalation,synthetic gold; risk=1.00,Enterprise,EU,Insurance,>1m,yes,Accepted,No,Yes,No,No,No,No,No,No,No,Yes,No,No,No,No,No,No,No,No,No,"The claim involves significant business interruption risk due to fire damage to a warehouse, and potential policy exclusions related to being in flood zone 3 may affect coverage."
2,C-03560,P0,Immediate escalation,synthetic gold; risk=0.80,Enterprise,UK,Advisory,250k-1m,yes,Unknown,No,No data available,No,No,Yes,No,No,Yes,No,No,No,No,No,No data available,No,Yes,No data available,No,No,"The claim involves a hurricane scenario with overseas elements, indicating potential complexity in jurisdictional issues but no severe legal risks or indications of fraud."
3,C-04657,P0,Immediate escalation,synthetic gold; risk=0.85,Enterprise,UK,Advisory,>1m,No,Escalated,No,No,No,No,No,Yes,No,No,Yes,No,No,Yes,No,Yes,No,No,No,Yes,No,"The claim indicates unclear scope and missing documentation, which may complicate compliance analysis and raise issues in policy interpretation."
4,C-00796,P0,Immediate escalation,synthetic gold; risk=0.94,Mid-Market,UK,Legal,>1m,yes,Unknown,Yes,No,No,Yes,No,No,Yes,No,No,No,No,No,No,No,No,No,Yes,No,No,"The claim has escalated to a legal dispute with a court injunction, indicating severe legal risk, compounded by conflicting information provided by the client."
5,C-09848,P0,Immediate escalation,synthetic gold; risk=0.86,SMB,US,Legal,>1m,yes,Unknown,No,No data available,No data available,No,Yes,Yes,Yes,Yes,No,Yes,No,No,No,No,No,Yes,No data available,No,Yes,"The claim presents complex incident details with a disputed jurisdiction and potential cross-border implications. Additionally, there are legal disputes involved, and there are mentions of police reference which may indicate fraudulent aspects."
6,C-01628,P0,Immediate escalation,synthetic gold; risk=0.85,Mid-Market,US,Legal,250k-1m,yes,Escalated,Yes,No,No,No,Yes,No,Yes,No,No,No,No,No,No,No,Yes,No,No,No,No,"The claim involves a legal threat and has escalated due to multiple parties being named, indicating significant legal and regulatory risk, particularly with regulator involvement."
7,C-02183,P0,Immediate escalation,synthetic gold; risk=0.90,Enterprise,UK,Insurance,>1m,yes,Escalated,No,Yes,Yes,No,No,No,No,No,No,No,No,No,No,No,No,No,No,No,Yes,"The claim indicates storm-related damage and theft of equipment, raising concerns of potential fraud. Business critical impact is noted due to significant loss from the storm."
8,C-19227,P0,Immediate escalation,synthetic gold; risk=0.86,Mid-Market,UK,Legal,>1m,yes,Settled,No,No,No,No,No,No,Yes,No,No,No,No,No,No,No,No,No,Yes,No,No,"The claim involves a potential breach of contract, indicating legal disputes as a key concern, with time sensitivity requiring immediate attention."
9,C-10731,P0,Immediate escalation,synthetic gold; risk=0.83,SMB,UK,Legal,250k-1m,yes,Escalated,Yes,Yes,No,No,No,Yes,Yes,Yes,No,No data available,No data available,No,No,No data available,No data available,Yes,No data available,No,No,"The claim involves a disputed jurisdiction related to an IP infringement allegation in the UK, alongside a major fire incident, indicating potential severe legal and regulatory risks and significant business impact."
10,C-10102,P0,Immediate escalation,synthetic gold; risk=0.85,Mid-Market,US,Legal,250k-1m,yes,Unknown,No,No,No,Yes,No,Yes,Yes,Yes,No,No,No,No,No,No,No,Yes,No,No,No,"The claim involves an employment dispute with jurisdiction in question, indicating legal complexity and conflicting information that may require careful assessment."
11,C-09460,P0,Immediate escalation,synthetic gold; risk=0.92,Mid-Market,UK,Insurance,>1m,No,Escalated,No,Yes,No,No,No,No,No,No,No,No,No,No,No,No,No,No,No,Yes,Yes,"The claim indicates a significant risk due to a fire incident resulting in roof damage at a commercial premises, with evidence yet to be supplied, raising concerns about potential business impact and missing documentation."
12,C-01253,P0,Immediate escalation,synthetic gold; risk=0.92,Enterprise,UK,Legal,>1m,yes,Unknown,Yes,No,No,No,No,No,Yes,No,No,Yes,No,No,No,No,No,No,No,No,No,"The claim involves a legal dispute escalation, indicating a severe legal risk and prior losses may suggest that exclusions could apply."
13,C-05030,P0,Immediate escalation,synthetic gold; risk=0.88,SMB,UK,Insurance,>1m,yes,Settled,No,Yes,No,No,No,No,No,No,No,No,No,No,No,No,No,No,No,No,No,"The claim involves business interruption due to fire damage to a warehouse, indicating a potential for significant financial impact."
14,C-13405,P0,Immediate escalation,synthetic gold; risk=0.83,Enterprise,US,Legal,250k-1m,yes,Settled,No,No,No,No,No,Yes,Yes,Yes,No,No data available,No,No,No,No data available,No data available,Yes,No,No,No,"The claim presents risks associated with a potential breach of contract and unclear governing law, indicating possible legal disputes and jurisdictional complexity."
15,C-10343,P0,Immediate escalation,synthetic gold; risk=0.93,Mid-Market,US,Legal,250k-1m,No,Unknown,No,No,No,No data available,No,No,Yes,No,No,No data available,No,No,No,No data available,No,No,No data available,Yes,Yes,"The claim involves a formal letter from a counterparty related to a fire incident, indicating some legal dispute. Evidence is currently limited, suggesting potential issues with documentation and possible arson."
16,C-02568,P0,Immediate escalation,synthetic gold; risk=0.84,SMB,US,Legal,>1m,No,Settled,No,No,No,No,No,Yes,Yes,Yes,No,No,No,No,No,Yes,No,Yes,No,Yes,No,"The claim involves legal disputes with jurisdictional complexity, and there are issues related to missing documentation and policy interpretation. This raises concerns regarding compliance and the potential for escalation."
17,C-18541,P0,Immediate escalation,synthetic gold; risk=0.95,Enterprise,UK,Advisory,>1m,yes,Escalated,Yes,No,No,No,No,No,No,Yes,No,No,No,No,No,No,Yes,Yes,No,No,No,"The claim involves a data protection incident with potential regulatory exposure and cross-border implications, requiring careful consideration of legal obligations."
18,C-06679,P0,Immediate escalation,synthetic gold; risk=0.82,Mid-Market,UK,Advisory,250k-1m,No,Unknown,Yes,No,No,No,No,No,No,No,No,No,No,No,No,No,No data available,No,Yes,No,No,"The claim involves a court injunction indicating potential severe legal or regulatory risk. However, there are no immediate disputes or indications of business-critical impact."
19,C-09875,P0,Immediate escalation,synthetic gold; risk=1.00,Mid-Market,UK,Legal,>1m,No,Escalated,No,No,No,No,Yes,Yes,Yes,Yes,No,No,No,No,No,No,No,No,No,Yes,No,"The claim involves an employment dispute with jurisdiction issues and missing evidence, indicating complexity and potential for legal escalation."
20,C-02875,P0,Immediate escalation,synthetic gold; risk=0.85,Enterprise,No data Available,Advisory,>1m,No,Escalated,Yes,No data available,No,No,No data available,No data available,No data available,No data available,No data available,No data available,No data available,No data available,No data available,No,Yes,No data available,No data available,Yes,No,"The claim presents severe regulatory risks due to anticipated regulator engagement following an acquisition, and it lacks necessary policy documentation."
21,C-17171,P0,Immediate escalation,synthetic gold; risk=0.91,SMB,UK,Legal,250k-1m,No,Unknown,Yes,No data available,No,Yes,No,Yes,Yes,Yes,No,No,No,No,No,No data available,No,No,Yes,No,No,"The claim involves a potential breach of contract with disputed jurisdiction and conflicting information, raising severe legal risk and immediate concerns due to an injunction."
22,C-10838,P0,Escalate for investigation,synthetic gold; risk=0.82,Mid-Market,UK,Advisory,250k-1m,No,Accepted,Yes,No data available,Yes,No,No data available,No data available,No data available,No data available,No data available,No data available,No data available,No data available,No data available,No data available,Yes,No,No data available,Yes,Yes,"The claim involves potential arson with expected regulator engagement, indicating a high risk of legal ramifications and suspicion of fraud. Evidence is currently lacking, which raises additional concerns regarding the validity of the claim."
23,C-17224,P0,Immediate escalation,synthetic gold; risk=0.85,Mid-Market,US,Legal,250k-1m,No,Unknown,Yes,No data available,No,No,No,No,Yes,No data available,No data available,No data available,No,No,No,No data available,No data available,No data available,Yes,Yes,No,"The claim presents a severe legal risk due to an allegation of intellectual property infringement, requiring a time-sensitive response, and currently has missing evidence."
24,C-03568,P0,Immediate escalation,synthetic gold; risk=0.89,Mid-Market,UK,Legal,250k-1m,yes,Escalated,Yes,No,No,Yes,No,Yes,Yes,Yes,Yes,No,No,No,No,No data available,No data available,Yes,No data available,No,No,"The claim involves a potential breach of contract with unclear governing law, which raises severe legal risks. Additionally, there is conflicting information from the client regarding the incident."
25,C-08066,P0,Immediate escalation,synthetic gold; risk=1.00,Enterprise,UK,Legal,>1m,yes,Accepted,Yes,No,No,No,No,No,Yes,Yes,No,No,No,No,No,No,No,Yes,Yes,No,No,"The claim involves a time-sensitive response to a formal letter regarding a data protection incident, indicating severe legal risks and complexities due to international elements."
26,C-10144,P0,Immediate escalation,synthetic gold; risk=0.86,SMB,US,Insurance,>1m,No,Escalated,Yes,No,No,No,No,No,Yes,No,No,No,No,No,No,No,No,No,No,No,Yes,"The claim involves water ingress at commercial premises and has escalated to a class action, indicating significant legal exposure and potential regulatory risks."
27,C-13167,P0,Immediate escalation,synthetic gold; risk=0.82,Enterprise,UK,Legal,>1m,yes,Unknown,No,No,No,No,Yes,No,Yes,No,No,No,No,No,No,No,No,No,No,No,No,"This claim involves an employment dispute with multiple parties, indicating a complex incident and potential legal disputes."
28,C-00289,P0,Immediate escalation,synthetic gold; risk=0.91,SMB,UK,Advisory,>1m,No,Escalated,Yes,No,No,No,No,No,No,No,No,No,No,No,No,No,Yes,No,No,No,No,"The client is seeking decision support on risk controls, indicating potential regulatory scrutiny with an anticipated regulator visit, which elevates the legal and regulatory risk."
29,C-01000,P0,Immediate escalation,synthetic gold; risk=0.84,Mid-Market,EU,Insurance,>1m,yes,Unknown,No,Yes,No,No,Yes,No,No,No,No,No,Yes,No,No,No,No,No,No,No,Yes,"The claim involves storm-related damage and fire damage to a warehouse, indicating a potential business-critical impact. Additionally, the mention of subsidence and fire raises questions about the nature of the incident, which is categorized as complex and potentially involving arson."
30,C-09468,P0,Immediate escalation,synthetic gold; risk=0.88,SMB,UK,Legal,>1m,yes,Accepted,Yes,Yes,No,No,Yes,No,Yes,No,No,No,No,No,No,No,No,No,Yes,No,Yes,"This claim involves a severe legal dispute with multiple parties and a threat of legal action, indicating significant risk exposure. There are elements of arson mentioned, and the situation appears time-sensitive."
31,C-13440,P0,Immediate escalation,synthetic gold; risk=1.00,Enterprise,US,Legal,250k-1m,yes,Unknown,Yes,No,No,Yes,No,Yes,Yes,Yes,No,No,No,No,No,No,No,Yes,No,No,No,"The claim presents risks of potential breach of contract, with jurisdiction disputed, which may lead to severe legal implications. There are conflicting interpretations of the contract that might complicate the assessment."
32,C-11242,P0,Immediate escalation,synthetic gold; risk=0.89,Mid-Market,UK,Advisory,>1m,yes,Unknown,Yes,No,No,No,No,No,No,No,No,No,No,No,No,No,Yes,No,No,No,Yes,The claim indicates a significant regulatory concern due to anticipated regulator engagement related to a fire incident. There are no indications of potential fraud or unusual circumstances.
33,C-19474,P0,Escalate for investigation,synthetic gold; risk=0.96,SMB,UK,Insurance,>1m,No,Escalated,No,Yes,Yes,Yes,No,No,No,No,No,Yes,No,No,No,No,No,No,No,No,Yes,"The claim involves a fire damage incident suspected to be arson, leading to potential business interruption, with conflicting information from the client raising concerns about possible fraudulent activity."
34,C-03321,P0,Immediate escalation,synthetic gold; risk=0.87,Mid-Market,UK,Legal,250k-1m,No,Unknown,Yes,No,No,No,No,Yes,Yes,Yes,No,No,No,No,No,No,Yes,Yes,No,No,No,"The claim presents a significant regulatory risk due to a jurisdiction dispute and the involvement of regulators, alongside potential complexities in legal interpretation."
35,C-20000,P0,Immediate escalation,synthetic gold; risk=1.00,Mid-Market,EU,Legal,>1m,yes,Unknown,Yes,No data available,No,No,Yes,Yes,Yes,Yes,No data available,No data available,No data available,No,No,No data available,No data available,Yes,No data available,No,No,"The claim presents significant legal risks due to a potential breach of contract and cross-border complexities, indicating the need for careful management and review of policy interpretations."
36,C-09160,P0,Immediate escalation,synthetic gold; risk=0.92,Enterprise,EU,Legal,>1m,yes,Settled,No,No,No,No,Yes,Yes,Yes,Yes,No,No,No,No,No,No,No,Yes,No,No,No,"The claim presents risks associated with a potential breach of contract, jurisdictional disputes, and the complexities of cross-border considerations."
37,C-17028,P0,Immediate escalation,synthetic gold; risk=0.89,Mid-Market,UK,Advisory,>1m,yes,Escalated,No,Yes,No,No,Yes,Yes,No,Yes,Yes,No data available,No,Yes,No data available,No data available,No,No,No data available,No,No,The claim involves a major fire with unclear scope and jurisdictional complexities. There are significant issues related to compliance and policy interpretation that could pose risks to the business.
38,C-08681,P0,Immediate escalation,synthetic gold; risk=0.89,Mid-Market,UK,Advisory,>1m,yes,Escalated,Yes,No,No,No,No,No,No,No,No,No,No,No,No,No,Yes,No,No data available,No data available,No,"The claim involves a request for a compliance gap analysis with anticipated regulator engagement, indicating a severe legal or regulatory risk due to potential compliance issues related to subsidence."
39,C-12663,P0,Immediate escalation,synthetic gold; risk=0.84,Mid-Market,US,Insurance,>1m,yes,Escalated,No,No,Yes,No,No,No,No,Yes,No,No,No,No,No,No,No,Yes,No,No,Yes,"The claim involves subsidence affecting the basement with police involvement, suggesting potential fraud elements and cross-border complications due to overseas elements."
40,C-19799,P1,Route to legal review,synthetic gold; risk=0.64,SMB,US,Legal,50k-250k,No,Unknown,No,No,No,No,No,Yes,Yes,Yes,No,No,No,No,No,No,No,No,No,No,No,"The claim involves legal disputes with governing law unclear, indicating potential jurisdictional complexity and the need for policy interpretation."
41,C-04571,P1,Escalate for investigation,synthetic gold; risk=0.66,Mid-Market,US,Insurance,>1m,yes,Unknown,No,No,No,No,No,No,No,No,No,Yes,No,No,No,No,No,No,No,No,No,"The claim involves damage from heavy rainfall leading to a compromised roof, indicating potential issues with coverage related to weather-related exclusions."
42,C-02467,P1,Escalate for coverage review,synthetic gold; risk=0.80,SMB,UK,Legal,>1m,yes,Unknown,Yes,No data available,No,Yes,No,Yes,Yes,Yes,No,Yes,No,No,No,No,No,Yes,No,No,No,"The claim involves a legal dispute over jurisdiction and potential exposure to severe legal risks, compounded by the fact that it arises from a flood zone. Additionally, conflicting information has been noted in the claim documentation."
43,C-10116,P1,Escalate for investigation,synthetic gold; risk=0.78,Enterprise,US,Insurance,50k-250k,No,Accepted,Yes,Yes,No,No,No,Yes,Yes,Yes,Yes,Yes,No,No,No,Yes,No data available,Yes,No data available,Yes,Yes,"This claim involves severe risks related to legal disputes and unclear policy coverage, exacerbated by the absence of policy documents and the presence of overseas elements. Additionally, potential exclusions may apply due to the nature of the reported damages."
44,C-07101,P1,Escalate for coverage review,synthetic gold; risk=0.77,Enterprise,UK,Legal,250k-1m,yes,Accepted,Yes,No,No,No,No,No,Yes,No,No,Yes,No,No,No,No,No data available,No,No,No,No,"The claim has escalated to a legal threat with limited evidence available, indicating a significant legal dispute. Additionally, it's situated in flood zone 3, suggesting that policy exclusions may apply."
45,C-16335,P1,Route to legal review,synthetic gold; risk=0.73,SMB,UK,Legal,250k-1m,yes,Unknown,Yes,No,No,No,No,No,Yes,Yes,No,No,No,No,No,No,No,Yes,Yes,No,No,"The claim presents a severe legal risk due to a formal letter from the counterparty, with indications of a potential injunction and cross-border complexities."
46,C-08251,P1,Escalate for investigation,synthetic gold; risk=0.75,Enterprise,UK,Insurance,250k-1m,yes,Unknown,No,No,Yes,No,No,No,No,No,No,No data available,No,No,No data available,No data available,No,No,No,No,Yes,"The claim involves reported damage due to heavy rainfall alongside a suspicion of arson, indicating potential fraud risks."
47,C-04146,P1,Escalate for coverage review,synthetic gold; risk=0.76,Enterprise,Other,Legal,50k-250k,No,Unknown,Yes,No,No,No,No,No,Yes,Yes,No,Yes,No,No,No,No,No,Yes,Yes,No,No,"The claim involves a legal dispute that has escalated into a legal threat, creating a severe legal risk. It also has time-sensitive elements and cross-border implications due to overseas elements present."
48,C-15368,P1,Escalate for investigation,synthetic gold; risk=0.73,SMB,EU,Insurance,250k-1m,yes,Accepted,No,Yes,No,No,No,No,No,Yes,No,Yes,No,No,No,No,No,No data available,No,No data available,No,"The claim involves significant fire damage to a warehouse, which may impact business operations, compounded by the fact that there have been prior losses and potential applicability of policy exclusions."
49,C-08799,P1,Escalate for investigation,synthetic gold; risk=0.66,SMB,EU,Insurance,50k-250k,No,Unknown,No,Yes,No,Yes,No,No,No,No,No,No,No,No,No,Yes,No,No,No,Yes,No,"The claim involves significant fire and storm damage at a commercial warehouse, with potential business-critical impact; however, missing policy documentation and conflicting information raise concerns about claim validation."
50,C-05062,P1,Route to legal review,synthetic gold; risk=0.62,Enterprise,EU,Legal,50k-250k,yes,Rejected,Yes,No,No,No,Yes,No,Yes,Yes,No,No,No,No,No,No,No,Yes,No,No,No,"The claim involves a breach of contract with multiple parties and overseas elements, indicating significant legal dispute and complexity."
51,C-02914,P1,Escalate for investigation,synthetic gold; risk=0.63,SMB,EU,Insurance,250k-1m,No,Accepted,Yes,No,No,No,No,No,No,No,No,No,No,No,No,Yes,No,No,No,Yes,No,"The claim presents potential legal risks due to the involvement of data protection issues and the absence of supporting documentation, which may complicate the validation of the claim."
52,C-11652,P1,Escalate for investigation,synthetic gold; risk=0.77,Mid-Market,Other,Insurance,250k-1m,No,Unknown,No,Yes,No,No,No,No,No,No,No,Yes,No,No,No,No,No,No,No,No,Yes,"The claim involves storm-related damage with a major fire in the basement, indicating a significant potential for business-critical impact and possible exclusions applying; it also mentions a suspicion of arson."
53,C-07583,P1,Escalate for investigation,synthetic gold; risk=0.67,Enterprise,EU,Insurance,250k-1m,yes,Rejected,No,Yes,No,No,No,No,No,Yes,No,No,No,No,No,No,No,No,No,No,No,"The claim indicates potential business interruption due to storm damage affecting the basement, with jurisdictional complexity noted in the EU. The historical outcome of rejection may highlight coverage challenges."
54,C-05122,P1,Escalate for investigation,synthetic gold; risk=0.66,Mid-Market,UK,Insurance,>1m,yes,Accepted,No,No,Yes,No,No,No,No,No,No,Yes,No,No,No,No,No,No,No,No,Yes,"The claim involves damage due to heavy rainfall and theft of equipment, indicating potential fraud risks associated with the theft, while also raising concerns about possible policy exclusions related to flooding."
55,C-03208,P1,Route to legal review,synthetic gold; risk=0.71,Mid-Market,UK,Legal,250k-1m,yes,Accepted,No,No,No data available,No,Yes,No,Yes,Yes,No data available,No data available,No data available,No data available,No data available,No data available,No,No,No data available,No,No,"The claim involves a breach of contract in an employment dispute with multiple parties, indicating a complex situation under UK jurisdiction."
56,C-01838,P1,Escalate for investigation,synthetic gold; risk=0.75,Enterprise,EU,Insurance,250k-1m,yes,Accepted,Yes,No,No,No,No,No,No,No,No,No,No,No,No,No,Yes,No,No,No,No,"The claim indicates storm-related damage with a compromised roof and involves a data protection incident, signaling severe legal or regulatory risk."
57,C-08426,P1,Escalate for investigation,synthetic gold; risk=0.63,SMB,EU,Insurance,250k-1m,yes,Accepted,No,No,No,No,No,No,No,No,No,Yes,No,No,No,No,No,No,No,No,Yes,"The claim involves water ingress and subsidence following heavy rainfall, with police reference provided, indicating the potential for policy exclusions related to weather events. No indications of fraud or legal disputes have been noted."
58,C-07499,P1,Escalate for coverage review,synthetic gold; risk=0.70,Enterprise,EU,Insurance,50k-250k,yes,Unknown,No,Yes,No,No,No,No,No,No,No,Yes,No,No,No,No,No,No,No,No,No,"The claim involves significant fire damage at a warehouse located in a flood zone, indicating a potential for business-critical impact and suggesting that policy exclusions related to flood zones may apply."
59,C-11926,P1,Escalate for investigation,synthetic gold; risk=0.75,Enterprise,Other,Insurance,250k-1m,No,Escalated,No,No,No,No,No,Yes,No,Yes,No,No,No,No,No,No,No,No,No,Yes,No,"The claim exhibits indicators of policy interpretation issues due to unclear governing law, alongside missing documentation which could impact assessment."
60,C-14592,P1,Escalate for investigation,synthetic gold; risk=0.73,SMB,US,Insurance,250k-1m,No,Escalated,No,Yes,Yes,No,No,No,No,Yes,No,No,No,No,No,Yes,No,Yes,No,Yes,Yes,"This claim presents several risk signals including potential business interruption, theft, arson, and missing documentation, alongside complex jurisdictional issues due to cross-border elements."
61,C-17360,P1,Escalate for investigation,synthetic gold; risk=0.75,Enterprise,Other,Insurance,250k-1m,yes,Escalated,No,No,Yes,No,No,No,No,No,No,No,No,No,No,No,No,No,No,No,Yes,"The claim involves storm-related damage with a suspicion of arson, indicating potential fraud concerns."
62,C-09634,P1,Escalate for investigation,synthetic gold; risk=0.68,SMB,EU,Advisory,250k-1m,yes,Accepted,Yes,No,No,No,No,No,No,Yes,No,No,No,No,No,No,Yes,Yes,No,No,No,"The claim involves anticipated regulator engagement related to subsidence, indicating potential legal and regulatory risks, especially within a cross-border EU context."
63,C-14765,P1,Escalate for investigation,synthetic gold; risk=0.74,Mid-Market,UK,Advisory,250k-1m,yes,Rejected,Yes,Yes,No data available,No,No,No,No,No,No,No,No,No,No,No,Yes,No,No,No,Yes,"The claim involves a major fire incident, prompting operational risk assessments and regulator involvement, indicating significant legal and regulatory risks."
64,C-03691,P1,Escalate for investigation,synthetic gold; risk=0.78,SMB,Other,Insurance,>1m,yes,Escalated,Yes,No,No,No,No,No,No,No,No,No,No,No,No,No,Yes,No,No,No,No,"The claim involves storm-related damage with a compromised roof and has been escalated for regulator involvement, indicating potential regulatory scrutiny."
65,C-10205,P1,Escalate for investigation,synthetic gold; risk=0.74,Mid-Market,UK,Advisory,250k-1m,yes,Unknown,No data available,No data available,Yes,No data available,No data available,No data available,No data available,No data available,No data available,No data available,No data available,No data available,No data available,No data available,No data available,No data available,No,No,Yes,"The claim indicates potential fraud as it involves suspected arson, which raises significant risk concerns for regulatory exposure."
66,C-01002,P1,Escalate for coverage review,synthetic gold; risk=0.63,SMB,UK,Insurance,250k-1m,No,Accepted,No,No,Yes,No,No,No,No,No,No,Yes,No,No,No,Yes,No,No,No,Yes,Yes,"The claim indicates potential fraud due to the reported theft of equipment alongside damage from heavy rainfall, with missing documentation raising concerns about its validity. Moreover, the claim falls within a flood zone, suggesting applicable policy exclusions."
67,C-03240,P1,Escalate for investigation,synthetic gold; risk=0.63,SMB,EU,Insurance,250k-1m,yes,Accepted,Yes,Yes,No,No,No,No,No,No,No,No,No,No,No,No,Yes,No,No,No,Yes,"The claim involves a significant fire incident with property and contents loss, coupled with regulator involvement, indicating both severe legal risks and business-critical impacts."
68,C-08279,P1,Escalate for investigation,synthetic gold; risk=0.78,SMB,US,Insurance,>1m,No,Unknown,No,Yes,No,No,No,Yes,No,Yes,No,No data available,No,No,No,No,No,Yes,No data available,No,Yes,"The claim indicates potential business interruption due to reported theft of equipment, with concerns regarding unclear governing law, which may complicate the resolution process."
69,C-14241,P1,Escalate for investigation,synthetic gold; risk=0.64,Mid-Market,EU,Advisory,250k-1m,No,Unknown,Yes,No,No,No,No,No,No,No,No,No,No,No,No,No,Yes,No,No,No,No,"The claim involves a request for advice on regulatory exposure with anticipated regulator engagement, indicating potential severe legal risks."
70,C-09887,P1,Escalate for investigation,synthetic gold; risk=0.73,SMB,UK,Insurance,250k-1m,yes,Unknown,Yes,Yes,No,No,No,No,No,No,No,No,No,No,No,No,Yes,No,Yes,No,No,"The claim involves potential business interruption and has a court injunction, indicating severe legal risk and business-critical impact. The involvement of regulatory authority heightens the urgency of resolution."
71,C-04216,P1,Escalate for investigation,synthetic gold; risk=0.75,Enterprise,US,Insurance,250k-1m,yes,Unknown,Yes,Yes,No,No,No,No,No,No,No,No,No,No,No,No,Yes,No,No,No,No,"This claim presents a severe legal and regulatory risk due to a regulator visit in response to a fire damage event impacting property and contents, indicating significant business-critical impact."
72,C-14236,P1,Route to legal review,synthetic gold; risk=0.71,Mid-Market,EU,Legal,250k-1m,yes,Escalated,No,No,No,No,No,Yes,Yes,Yes,No,No,No,No,No,No,No,No,No,No,No,"The claim involves an employment dispute from a former contractor with unclear governing law, indicating potential legal disputes and jurisdictional complexity."
73,C-02509,P1,Escalate for investigation,synthetic gold; risk=0.74,Mid-Market,UK,Insurance,>1m,No,Unknown,No,No,No,No,No,No,No,No,No,No data available,No,No,No,No data available,No,No,No data available,Yes,No,"The claim reports storm-related damage to the basement but lacks supporting evidence, indicating potential issues with documentation adequacy."
74,C-08943,P1,Escalate for investigation,synthetic gold; risk=0.69,Mid-Market,Other,Insurance,250k-1m,yes,Rejected,Yes,Yes,No,No,No,No data available,No,No data available,No data available,Yes,No,No,No,No data available,Yes,No,No data available,No,Yes,"The claim involves fire damage to a warehouse potentially linked to heavy rainfall, raising severe legal risks due to regulatory involvement. Additionally, policy exclusions may apply in light of the circumstances of the damage."
75,C-18607,P1,Escalate for investigation,synthetic gold; risk=0.63,SMB,US,Insurance,250k-1m,yes,Unknown,No,Yes,No,No,No,No,No,Yes,No,No data available,No,No,No,No,No data available,Yes,No,No,No,"The claim involves significant fire damage at a commercial warehouse, indicating a potential for business-critical impact. Additionally, the presence of overseas elements suggests jurisdictional complexity."
76,C-09247,P1,Route to legal review,synthetic gold; risk=0.65,SMB,UK,Legal,250k-1m,yes,Accepted,Yes,No,Yes,No,No,No,Yes,No,No,Yes,No,No,No,No,No,No,Yes,No,Yes,"This claim involves a legal threat and necessitates a time-sensitive response, indicating severe legal risk alongside a potential for fraud due to prior losses."
77,C-15003,P1,Escalate for investigation,synthetic gold; risk=0.69,Mid-Market,Other,Insurance,250k-1m,yes,Unknown,Yes,Yes,No,No,No,No,No,Yes,No,No,No,No,No,No,Yes,No data available,No data available,No,No,"The claim involves a fire damage incident with regulatory involvement, indicating significant operational and legal risks. The jurisdiction noted as 'Other' adds complexity to the claim."
78,C-08588,P1,Route to legal review,synthetic gold; risk=0.65,No data Available,EU,Legal,250k-1m,yes,Escalated,Yes,No,No,No,No,Yes,Yes,Yes,No,No,No,No,No,No,No,Yes,No,No,No,"The claim involves an IP infringement allegation with disputed jurisdiction, indicating potential legal disputes and regulatory risk, necessitating careful interpretation of applicable laws."
79,C-15350,P1,Escalate for investigation,synthetic gold; risk=0.62,Mid-Market,UK,Insurance,<50k,No,Unknown,No,Yes,No,No,No,No,No,No,No,No,No,No,No,No,No,No,No,No,No,"The claim indicates potential business interruption due to fire damage to the warehouse, posing a significant financial risk."
80,C-08355,P1,Escalate for investigation,synthetic gold; risk=0.63,Enterprise,UK,Insurance,Unknown,No,Escalated,No,Yes,No,No,No,No,No,No,No,Yes,No,No,No,Yes,No,No,No,Yes,Yes,"The claim involves significant damage to a warehouse following heavy rainfall and fire, but critical policy documents are missing, raising concerns about required conditions not being met and potential coverage exclusions."
81,C-06138,P1,Route to legal review,synthetic gold; risk=0.71,SMB,US,Legal,250k-1m,yes,Accepted,Yes,No,No,Yes,No,Yes,Yes,Yes,No,No,No,No,No,No,No,Yes,No,No,No,"This claim involves a potentially severe legal risk due to IP infringement allegations and jurisdictional complexities, compounded by conflicting information provided by the client."
82,C-11306,P1,Route to legal review,synthetic gold; risk=0.64,SMB,US,Legal,50k-250k,No,Unknown,No,No,No,No,No,Yes,Yes,Yes,No,No,No,No,No,No,No,Yes,No,No,No,"The claim presents a potential breach of contract with unclear governing law and involves IP infringement, indicating legal disputes and jurisdictional complexity."
83,C-06982,P1,Escalate for investigation,synthetic gold; risk=0.71,Mid-Market,EU,Advisory,>1m,yes,Unknown,No,No,No,No,No,Yes,No,No,Yes,No,No,Yes,No,No,No,No,No,No,No,"The claim presents risks due to unclear policy interpretation and scope, along with a vague incident description, indicating potential challenges in the assessment process."
84,C-04003,P1,Escalate for investigation,synthetic gold; risk=0.63,SMB,UK,Insurance,250k-1m,yes,Rejected,No,Yes,Yes,No,Yes,No,No,Yes,No,No,No,No,No,No,No,Yes,No,No,Yes,"The claim presents risks related to potential fraud and suspected arson, coupled with cross-border complexities and significant business impact from storm-related damage and theft."
85,C-06198,P1,Escalate for investigation,synthetic gold; risk=0.63,SMB,UK,Insurance,250k-1m,yes,Accepted,No,No,Yes,No,No,No,No,No,No,No,No,No,No,No,No,No,No,No,Yes,The claim presents potential fraud risk due to the suspicion of arson amidst reported storm-related damage.
86,C-18367,P1,Escalate for investigation,synthetic gold; risk=0.70,Enterprise,EU,Insurance,50k-250k,yes,Unknown,No,Yes,No,No,No,No,No,No,No,No data available,No,No,No,No data available,Yes,No,No data available,No,Yes,"The claim involves significant fire damage to a warehouse, indicating a business-critical impact and potential business interruption. Additionally, there is a police reference provided, which raises suspicions of possible fraud or arson."
87,C-08253,P1,Escalate for investigation,synthetic gold; risk=0.79,Mid-Market,US,Insurance,250k-1m,yes,Accepted,Yes,Yes,No,No,No,No data available,Yes,No,No,Yes,No,No,No,No,No data available,No,No,No,Yes,"The claim presents severe legal risks due to a reported breach of contract and involves fire damage following heavy rainfall, which raises concerns about policy exclusions related to flood events."
88,C-19078,P1,Escalate for investigation,synthetic gold; risk=0.63,SMB,Other,No data Available,250k-1m,yes,Unknown,Yes,No,No,No,No,No,Yes,Yes,No,No,No,No,No,No,No data available,No data available,No data available,No,Yes,"The claim involves significant legal risk due to a class action related to reported damage from heavy rainfall, with jurisdictional complexity and potential exposures under regulatory scrutiny."
89,C-10975,P1,Escalate for investigation,synthetic gold; risk=0.66,Mid-Market,UK,Insurance,>1m,yes,Unknown,No,No,Yes,No,No,No,No,No,No,Yes,No,No,No,No data available,No,No,No,No,Yes,"The claim indicates potential fraud due to the involvement of police after reported damage from heavy rainfall affecting the basement, suggesting the possibility of exaggerated claims. Additionally, policy exclusions may apply due to the nature of flood-related damage."
90,C-10852,P1,Escalate for investigation,synthetic gold; risk=0.68,SMB,EU,Advisory,250k-1m,yes,Accepted,No,No,No,No,Yes,Yes,No,Yes,Yes,No data available,No data available,Yes,No data available,No data available,No data available,Yes,No data available,No data available,No data available,The claim presents risks of complex incident details and policy interpretation issues due to unclear scope and cross-border considerations.
91,C-16858,P1,Escalate for investigation,synthetic gold; risk=0.73,SMB,Other,Insurance,250k-1m,yes,Accepted,No,Yes,No,No,No,No,No,No,No,No,No,No,No,No,No,No,No data available,No,No,"The claim indicates potential business interruption due to a compromised roof and a data protection incident, signaling significant operational risk."
92,C-19258,P1,Escalate for investigation,synthetic gold; risk=0.64,Mid-Market,UK,Insurance,50k-250k,yes,Unknown,No,Yes,No,No,No,No data available,No,No,No,No data available,No,No,No,No data available,No,No,No data available,No,No,"The claim involves significant business interruption due to fire damage to a warehouse, indicating critical operational risks. There is uncertainty regarding policy exclusions and interpretation, but no indications of potential fraud or legal disputes."
93,C-05843,P1,Escalate for investigation,synthetic gold; risk=0.66,No data Available,UK,Insurance,50k-250k,No,Unknown,No,Yes,No,No,No,No,No,No,No,No,No,No,No,No,No,No,No,No,No,"The claim involves significant fire and storm damage to a warehouse, indicating a potential business-critical impact. The outcome remains unknown, but there are no immediate legal or regulatory risks identifiable."
94,C-07018,P1,Escalate for investigation,synthetic gold; risk=0.73,SMB,UK,Advisory,>1m,No,Accepted,Yes,No,No,No,No,No,No,No,No,No,No,No,No,No,Yes,No,No,Yes,No,"The client is seeking advice on potential regulatory exposure with anticipated regulator engagement, indicating a significant risk of legal scrutiny, but no immediate business impact or documentation is provided."
95,C-15653,P1,Route to legal review,synthetic gold; risk=0.65,SMB,UK,Legal,250k-1m,yes,Accepted,No,No,No,Yes,No,Yes,Yes,Yes,No,No,No,No,No,No,No,Yes,No,No,No,"The claim involves a legal dispute concerning IP infringement with a disputed jurisdiction, indicating both conflicting information and potential issues with policy interpretation."
96,C-12980,P1,Route to legal review,synthetic gold; risk=0.73,SMB,UK,Legal,250k-1m,yes,Escalated,Yes,No,No,No,No,No,Yes,No,No,No,No,No data available,No,No data available,No,No,Yes,No,No,"The claim involves an employment dispute with a former contractor and has been escalated due to an injunction, indicating potential legal risks. Evidence is limited, which may complicate the case."
97,C-05523,P1,Escalate for investigation,synthetic gold; risk=0.69,Mid-Market,UK,Insurance,250k-1m,yes,Accepted,No,Yes,No,No,No,No,No,No,No,Yes,No,No,No,No,No,No,No,No,Yes,"The claim indicates storm-related damage that led to fire damage in a warehouse, suggesting potential business-critical impact and possible policy exclusions for storm-related incidents."
98,C-19176,P1,Escalate for investigation,synthetic gold; risk=0.62,Mid-Market,UK,Insurance,50k-250k,No,Unknown,No,Yes,No,No,No,No,No,Yes,No,No,No,No,No,Yes,No,Yes,No,Yes,No,"The claim presents a significant risk of business interruption due to fire damage following heavy rainfall, with potential cross-border complexities and missing documentation posing significant challenges for verification."
99,C-15114,P1,Escalate for investigation,synthetic gold; risk=0.71,SMB,EU,Insurance,250k-1m,No,Accepted,Yes,No,No,No,No,No,Yes,Yes,No,No,No,No,No,No,No data available,Yes,Yes,No,No,"The claim involves significant legal and regulatory risks due to an injunction and cross-border complexities, indicating potential for further disputes or regulatory scrutiny."
100,C-12788,P2,Proceed with standard handling,synthetic gold; risk=0.55,SMB,UK,Legal,250k-1m,yes,Unknown,No,No,No,No,No,No,Yes,No,No,No data available,No data available,No,No,No data available,No,No,No,Yes,No,"The claim involves an employment dispute raised by a former contractor, with currently limited evidence available, indicating potential legal disputes and missing documentation."
101,C-17898,P2,Proceed with standard handling,synthetic gold; risk=0.48,SMB,UK,Insurance,50k-250k,yes,Unknown,No,Yes,No,No,No,No,No,No,No,No,No,No,No,No,No,No,No,No,Yes,"The claim involves storm-related damage leading to fire, indicating a significant impact on business operations. There are mentions of possible fraudulent activity linked to the fire incident."
102,C-12168,P2,Proceed with standard handling,synthetic gold; risk=0.57,Enterprise,UK,Insurance,250k-1m,yes,Unknown,No,No,No,No,No,No data available,No,Yes,No data available,No data available,No,No,No,No data available,No,No data available,No data available,No,No,"The claim involves an incident reported in the UK affecting a commercial basement, with indications of jurisdictional complexity but no alerts for fraud or other severe risks."
103,C-12035,P2,Proceed with standard handling,synthetic gold; risk=0.55,SMB,UK,Insurance,250k-1m,yes,Unknown,No,Yes,No,No,No,No,No,Yes,No,No,No,No,No,No,No,Yes,No,No,No,"The claim may involve business interruption due to basement damage with cross-border elements, indicating potential complexity in handling and assessment."
104,C-05550,P2,Proceed with standard handling,synthetic gold; risk=0.42,Enterprise,UK,Insurance,<50k,yes,Unknown,No,Yes,No,No,No,No,No,No,No,No data available,No,No,No,No,No,No,No,No,No,"The claim indicates a potential business interruption due to noted water ingress, which represents a business-critical impact but lacks severe legal or regulatory risks."
105,C-08587,P2,Proceed with standard handling,synthetic gold; risk=0.46,Mid-Market,UK,Legal,50k-250k,yes,Accepted,Yes,No,No,No,No,No,Yes,No,No,No,No,No,No,No,No,No,No data available,No,Yes,"The dispute has escalated to a legal threat, indicating significant legal risk despite limited evidence. A police reference number has been provided, suggesting some degree of investigation."
106,C-01929,P2,Proceed with standard handling,synthetic gold; risk=0.52,Enterprise,Other,Insurance,50k-250k,yes,Accepted,No,No,No,No,No,No,No,No,No,No,No,No,No,No,No,No,No,No,No,"The claim involves storm-related damage affecting the basement, with historical evidence of acceptance and an attachment to support the claim."
107,C-07881,P2,Route to advisory intake,synthetic gold; risk=0.45,SMB,EU,Advisory,50k-250k,yes,Unknown,Yes,No,Yes,No,No,No,Yes,No,No,No,No,No,No,No,Yes,No,No,No,Yes,"This claim involves potential IP infringement with police involvement, indicating severe legal risk and possible fraudulent activity."
108,C-02743,P2,Proceed with standard handling,synthetic gold; risk=0.50,SMB,UK,Legal,50k-250k,yes,Escalated,No,No,No,No,Yes,No,Yes,Yes,No,No,No,No,No,No,No,No,No,No,No,"The claim involves a breach of contract with multiple parties and is subject to UK jurisdiction, indicating a complex legal dispute."
109,C-15166,P2,Request further information,synthetic gold; risk=0.48,SMB,EU,Insurance,50k-250k,No,Unknown,Yes,Yes,No,No,No,No,Yes,No,No,No data available,No,No,No,No,No,No,No,No,No,"This claim presents severe legal risk due to allegations of intellectual property infringement. Additionally, it indicates potential business interruption impacts from basement damage."
110,C-00265,P2,Request further information,synthetic gold; risk=0.48,SMB,EU,Legal,50k-250k,No,Accepted,No,No,No,Yes,No,No,Yes,No,No,No,No,No,No,Yes,No,No,No,Yes,No,"The claim presents an employment dispute with limited evidence and missing documentation, leading to conflicting information reported by the client. These factors suggest a potential for complications in the claims process."
111,C-16634,P2,Request further information,synthetic gold; risk=0.46,SMB,UK,Insurance,<50k,No,Unknown,No,Yes,No,No,No,No,No,No,No,No,No,No,No,No,No,No,No data available,No,No,"The claim involves fire damage to a warehouse, indicating potential significant financial loss and business interruption, but there are no signals of fraud or legal disputes."
112,C-00337,P2,Proceed with standard handling,synthetic gold; risk=0.40,SMB,US,Insurance,50k-250k,yes,Settled,No,Yes,Yes,No,No,No,No,No,No,Yes,No,No,No,No,Yes,No,No,No,Yes,"The claim involves a theft of equipment and storm damage, raising concerns of potential fraud due to suspicious circumstances. Regulatory involvement is indicated by the provided police reference number."
113,C-09826,P2,Proceed with standard handling,synthetic gold; risk=0.44,Enterprise,UK,Legal,<50k,yes,Unknown,No,No,No,No,Yes,No,Yes,No,No,No,No,No,No,Yes,No,No,No,Yes,No,"The claim involves a potential breach of contract with multiple parties but lacks the necessary supporting documentation, indicating a risk of legal disputes and missing evidence."
114,C-19543,P2,Request further information,synthetic gold; risk=0.53,SMB,US,Advisory,50k-250k,No,Unknown,No,Yes,No,No,No,No,No,No,No,No,No,No,No,No,No,No,No,No,No,"The claim involves a request for an operational risk assessment related to business interruption, which indicates a notable risk but no immediate disputes or other alarming factors are present."
115,C-18790,P2,Request further information,synthetic gold; risk=0.58,SMB,UK,Legal,50k-250k,No,Unknown,No,No,No,No,No,Yes,Yes,Yes,No,No,No,No,No,No,No,Yes,No,No,No,"The claim raises potential breach of contract concerns with unclear governing law, highlighting legal disputes and jurisdictional complexity."
116,C-19750,P2,Request further information,synthetic gold; risk=0.51,Mid-Market,UK,Insurance,250k-1m,No,Settled,No,No,No,No,No,No,No,No,No,No,No,No,No,Yes,No,No,No,Yes,No,"The claim involves water ingress causing damage, but critical supporting documentation is missing, which raises concerns about compliance with policy requirements."
117,C-07976,P2,Proceed with standard handling,synthetic gold; risk=0.55,SMB,UK,Insurance,250k-1m,yes,Rejected,No,Yes,No,No,No,No data available,No,Yes,No data available,No data available,No,No data available,No,No data available,No,No,No,No,No,"The claim involves potential business interruption due to basement damage and is located in the UK jurisdiction, but the historical outcome was a rejection. There is jurisdictional complexity to consider."
118,C-12773,P2,Request further information,synthetic gold; risk=0.54,Mid-Market,UK,Insurance,50k-250k,No,Rejected,Yes,No,Yes,Yes,No,No,Yes,No,No,Yes,No,No,Yes,Yes,No,No,No,Yes,Yes,"The claim exhibits significant risks due to conflicting information, potential fraud indicators, and missing policy documents. Additionally, there is a legal dispute risk related to IP infringement."
119,C-00724,P2,Proceed with standard handling,synthetic gold; risk=0.55,SMB,US,Insurance,250k-1m,yes,Unknown,Yes,Yes,No,No,No,No,Yes,No,No,No data available,No,No,No,No data available,No data available,No,No data available,No,No,"The claim indicates potential business interruption and legal disputes related to intellectual property infringement, with the basement affected. This suggests significant risk of financial impact."
120,C-02428,P2,Proceed with standard handling,synthetic gold; risk=0.58,SMB,UK,Insurance,50k-250k,yes,Unknown,No,Yes,No,No,No,No,No,No,No,Yes,No,No,No,No,No,No,No,No,No,"The claim involves business interruption due to fire damage in a flood zone, indicating potential coverage issues related to exclusions that may apply."
121,C-01697,P2,Proceed with standard handling,synthetic gold; risk=0.40,SMB,EU,Legal,<50k,yes,Unknown,Yes,No,Yes,No,No,Yes,Yes,Yes,No,No,No,No,No data available,No data available,No,Yes,No data available,No,Yes,"The claim involves legal disputes with an unclear governing law, posing severe legal risk and potential indicators of fraud due to police involvement."
122,C-13156,P2,Request further information,synthetic gold; risk=0.54,Mid-Market,Other,Insurance,50k-250k,No,Escalated,No,Yes,Yes,No,No,No,Yes,No,No,No,No,No,No,No,No,No,No,No,Yes,"The claim involves storm-related damage and theft of equipment, raising concerns of potential fraud and a breach of contract; thus, there is a significant business impact."
123,C-07290,P2,Proceed with standard handling,synthetic gold; risk=0.42,Enterprise,UK,Insurance,50k-250k,yes,Accepted,No,No,No,No,No,No,No,No,No,Yes,No,No,No,No,No,No,No,No,No,"The claim is related to water ingress following heavy rainfall, which typically falls under standard coverage; however, exclusions may apply depending on the policy specifics."
124,C-06638,P2,Proceed with standard handling,synthetic gold; risk=0.40,SMB,UK,Legal,<50k,yes,Accepted,No,No,No,No,No,Yes,Yes,Yes,No,No,No,No,No,No,No,No,No,No,No,"The claim involves an employment dispute with unclear governing law and policy interpretation issues, indicating potential legal complexities."
125,C-10304,P2,Request further information,synthetic gold; risk=0.53,SMB,UK,Insurance,250k-1m,No,Accepted,No,No,No,No,No,No,No,No,No,No,No,No,No,Yes,No,No,No,Yes,No,"The claim involves a loss event affecting property and contents in the basement, but crucial policy documents are missing, indicating that required conditions may not have been met."
126,C-12806,P2,Proceed with standard handling,synthetic gold; risk=0.56,Mid-Market,UK,Legal,50k-250k,yes,Accepted,No,No,Yes,No,No,Yes,Yes,Yes,No,No,No,No,No,No,Yes,Yes,No,No,Yes,"The claim involves an employment dispute with a former contractor, presenting potential fraud risk, jurisdictional complexity, and unclear governing law, with police involvement noted."
127,C-19912,P2,Request further information,synthetic gold; risk=0.42,Enterprise,EU,Advisory,Unknown,No,Accepted,No,No,No,No,No,No,No,No,No,No,No,No,No,No,No,No,No data available,No,No,"The claim involves a small crack with an operational risk assessment requested, but no further risks have been identified."
128,C-05023,P2,Proceed with standard handling,synthetic gold; risk=0.56,SMB,Other,Legal,50k-250k,yes,Unknown,Yes,Yes,No,No data available,No,Yes,Yes,Yes,No data available,No,No,No,No data available,No data available,No data available,Yes,No,No,No,"The claim presents significant legal risks, including unclear governing law and a potential business interruption, with elements indicating possible jurisdictional complexity."
129,C-08305,P2,Proceed with standard handling,synthetic gold; risk=0.40,SMB,UK,Insurance,50k-250k,yes,Rejected,No,No,No,No,No,Yes,No,Yes,No,No,No,No,No,No,No,Yes,No,No,No,"The incident presents jurisdictional complexity due to unclear governing law and possible cross-border considerations, alongside potential ambiguity in policy interpretation."
130,C-14778,P2,Request further information,synthetic gold; risk=0.58,SMB,UK,Legal,50k-250k,No,Unknown,No,No data available,No,No,No,No data available,Yes,No data available,No data available,No data available,No data available,No data available,No,No data available,No,No,Yes,No,No,"The claim indicates a potential breach of contract and requires a time-sensitive response due to storm damage, which adds urgency to the situation."
131,C-11851,P2,Proceed with standard handling,synthetic gold; risk=0.42,Enterprise,US,Insurance,<50k,yes,Unknown,No,Yes,Yes,No,No,No,No,No,No,No data available,No,No,No,No data available,Yes,No,No,No,Yes,"The claim indicates business interruption due to water ingress, with the involvement of police suggesting potential fraud concerns. The ambiguity regarding coverage terms and the unknown historical outcome adds to the risk profile."
132,C-06945,P2,Request further information,synthetic gold; risk=0.42,Enterprise,US,Insurance,<50k,No,Unknown,No,Yes,No,No,No,No,No,No,No,No,No,No,No,Yes,No,No,No,Yes,Yes,"The claim involves theft of equipment and potential business interruption but lacks supporting documentation, raising concerns about claimed validity."
133,C-01250,P2,Request further information,synthetic gold; risk=0.49,Mid-Market,UK,Insurance,Unknown,No,Unknown,No,Yes,No,No,No,No,No,No,No,No,No,No,No,No,No,No,No,No,No,"The claim involves fire damage to a warehouse, indicating a significant impact on property and contents, which poses a business-critical risk."
134,C-02719,P2,Request further information,synthetic gold; risk=0.45,SMB,US,Insurance,250k-1m,No,Unknown,No,No,No,No,No,No,No,No,No,No,No,No,No,Yes,No,No,No,Yes,No,"The claim lacks supporting documentation, indicating potential issues with meeting policy requirements. Additionally, the incident description is straightforward but incomplete."
135,C-17015,P2,Proceed with standard handling,synthetic gold; risk=0.41,SMB,Other,Legal,Unknown,yes,Rejected,Yes,No,No,No,No,No,Yes,No,No,No,No,No,No,No,No,No,Yes,No,No,"The claim involves a legal dispute that has escalated to a legal threat, indicating a severe legal risk, and requires a time-sensitive response."
136,C-03464,P2,Proceed with standard handling,synthetic gold; risk=0.45,SMB,US,Insurance,250k-1m,yes,Unknown,No,No,No,No,No,No data available,No,No,No,No,No,No,No,No,No,No,No,No,No,"The claim involves a loss event impacting property and contents in the basement, with no indicators of fraud, legal disputes, or regulatory issues."
137,C-03411,P2,Request further information,synthetic gold; risk=0.59,Mid-Market,US,Advisory,50k-250k,No,Escalated,Yes,No data available,No,No,Yes,Yes,No,Yes,No,No,No,No,No,No,No,Yes,No,No,No,The claim presents severe legal and regulatory risk due to unclear governing law and complexities arising from multiple regional stakeholders.
138,C-14977,P2,Request further information,synthetic gold; risk=0.42,Enterprise,UK,Insurance,50k-250k,No,Accepted,No,No,Yes,No,No,No,No,No,No,No,No,No,No,Yes,No,No,No,Yes,Yes,"The claim involves a theft incident reported at commercial premises with no supporting documentation, raising potential fraud concerns and indicating that required conditions for the claim may not have been met."
139,C-04968,P2,Request further information,synthetic gold; risk=0.55,SMB,UK,Insurance,250k-1m,No,Unknown,Yes,Yes,No,No,No,No,Yes,No,No,No,No,No,No,Yes,No,No,No,Yes,No,"The claim presents significant risks due to business interruption related to IP infringement and a compromised roof, compounded by the absence of supporting documentation."
140,C-02227,P2,Proceed with standard handling,synthetic gold; risk=0.54,Mid-Market,US,Insurance,50k-250k,yes,Unknown,No,Yes,No,No,No,No,No,No,No,No,No,No,No,No,No,No,No,No,Yes,"The claim involves storm-related damage leading to a fire in a warehouse, indicating a potential for business-critical impact. There are mentions of possible fraud or suspicious activity due to the nature of the damage."
141,C-10593,P2,Request further information,synthetic gold; risk=0.44,Mid-Market,UK,Insurance,<50k,No,Unknown,No,Yes,No,No,No,No,No,No,No,No,No data available,No,No,No,No,No,No data available,No,No,"The claim indicates a potential business interruption due to basement damage, which could have significant implications for the affected business operations."
142,C-18900,P2,Request further information,synthetic gold; risk=0.43,SMB,UK,Advisory,50k-250k,No,Unknown,No,No,No,No,No,No,No,Yes,No,No,No,No,No,No,Yes,No,No,No,No,"The client is seeking advice on regulatory exposure without an immediate dispute, indicating potential regulatory risks in the UK jurisdiction."
143,C-06398,P2,Request further information,synthetic gold; risk=0.48,SMB,UK,Insurance,50k-250k,No,Escalated,No,No,No,No,No,No,No,No,No,Yes,No,No,No,No data available,No,No,No,No,No,"The claim indicates potential for policy exclusions related to storm damage, as it involves water ingress following heavy rainfall, which may fall under specific exclusion clauses."
144,C-05609,P2,Proceed with standard handling,synthetic gold; risk=0.61,Mid-Market,EU,Legal,250k-1m,yes,Escalated,No,No,No,No,No,No,Yes,No,No,No,No,No,No,No,No,No,Yes,No,No,"The claim involves an employment dispute with a former contractor, which presents legal dispute risks and requires a time-sensitive response."
145,C-03432,P2,Proceed with standard handling,synthetic gold; risk=0.40,SMB,UK,Legal,50k-250k,yes,Unknown,No,No,No,No,No,No,Yes,No,No,No,No,No,No,No,No,No,Yes,No,No,"The claim involves a formal letter from the counterparty requiring a time-sensitive response, indicating potential legal dispute risks."
146,C-01043,P2,Proceed with standard handling,synthetic gold; risk=0.61,Mid-Market,EU,Insurance,250k-1m,yes,Rejected,No,No,No,No,No,No,No,No,No,Yes,No,No,No,No,No,No,No,No,No,"The claim involves damage due to heavy rainfall in a flood zone, which may be subject to policy exclusions. Additionally, the claim has been rejected previously."
147,C-11894,P2,Request further information,synthetic gold; risk=0.46,SMB,Other,Insurance,<50k,No,Unknown,No,Yes,No,No,No,No,No,No,No,Yes,No,No,No,No,No,No,No,No,Yes,"The claim involves storm-related damage leading to fire in a warehouse, indicating a business-critical impact. Additionally, it may involve exclusions related to weather-related incidents and potential investigations regarding the cause of the fire."
148,C-15171,P2,Proceed with standard handling,synthetic gold; risk=0.40,SMB,EU,Legal,50k-250k,yes,Unknown,Yes,No,No,No,No,No,Yes,No,No,No,No,No,No,No,No,No,No,No,No,"The claim involves an employment dispute raised by a former contractor, posing potential legal risks, with limited evidence available for assessment."
149,C-14276,P2,Proceed with standard handling,synthetic gold; risk=0.50,SMB,UK,Legal,50k-250k,yes,Accepted,No,No,No,No,No,No,Yes,Yes,No,Yes,No,No,No,No,No,Yes,Yes,No,No,"The claim exhibits legal disputes and cross-border complexities with prior losses, necessitating a time-sensitive response."
150,C-14606,P2,Request further information,synthetic gold; risk=0.55,SMB,UK,Legal,250k-1m,No,Unknown,No,No,No,No,No,No,Yes,No,No,No,No,No,No,Yes,No,No,Yes,Yes,No,"This claim involves an employment dispute with time-sensitive response requirements and lacks supporting documentation, indicating potential issues in compliance with claim conditions."
151,C-08249,P2,Proceed with standard handling,synthetic gold; risk=0.45,SMB,Other,Insurance,250k-1m,yes,Settled,No,No,No,No,No,No,No,No,No,No,No,No,No,No,No,No,No,No,No,"The claim involves storm-related damage to a basement. With a settled historical outcome and no current indications of fraud or legal disputes, the risk appears low."
152,C-00751,P2,Proceed with standard handling,synthetic gold; risk=0.41,SMB,Other,Legal,Unknown,yes,Unknown,No,No,No,No,Yes,No,Yes,No,No,No,No data available,No,No,No data available,Yes,No data available,No data available,No,Yes,"This claim involves a legal dispute raised by a former contractor, suggesting potential employement legal risks. Multiple parties are named, and police involvement may indicate serious underlying issues."
153,C-08131,P2,Proceed with standard handling,synthetic gold; risk=0.52,Enterprise,Other,Insurance,50k-250k,yes,Escalated,No,No,No,No,No,Yes,No,Yes,No,No,No,No,No,No,No,Yes,No,No,No,"The claim involves storm-related damage to a basement with unclear governing law, indicating potential policy interpretation issues and jurisdictional complexity due to overseas elements."
154,C-04580,P2,Request further information,synthetic gold; risk=0.55,Enterprise,EU,Advisory,50k-250k,No,Rejected,No,No,No,Yes,No,Yes,No,No,Yes,No,No,Yes,No,No,No,No,No,No,No,"The client seeks decision support on risk controls, but the scope is unclear, raising concerns about conflicting information and ambiguities in policy interpretation."
155,C-02646,P2,Proceed with standard handling,synthetic gold; risk=0.62,Mid-Market,Other,Legal,50k-250k,yes,Accepted,Yes,No data available,No,No,Yes,Yes,Yes,Yes,No,No,No,No,No,No,No data available,Yes,No data available,No data available,No,"The claim involves a legal dispute with an unclear governing law and cross-border implications, indicating significant legal exposure and complexity."
156,C-07452,P2,Proceed with standard handling,synthetic gold; risk=0.40,SMB,UK,Legal,50k-250k,yes,Rejected,Yes,No,No,No,Yes,No,Yes,No,No,No,No,No,No,No,No,No,No,No,No,The claim involves complex incident details with multiple parties and legal disputes indicated by the appointment of a loss adjuster and a formal letter from the counterparty.
157,C-10237,P2,Proceed with standard handling,synthetic gold; risk=0.56,Mid-Market,No data Available,Legal,50k-250k,yes,Settled,No,No,No,No,No,Yes,Yes,Yes,No,No,No,No,No,No,No,Yes,No,No,No,"The claim involves a potential breach of contract with disputes regarding jurisdiction in the UK, indicating legal disputes and jurisdictional complexity."
158,C-11036,P2,Proceed with standard handling,synthetic gold; risk=0.47,Enterprise,UK,Insurance,Unknown,yes,Rejected,No,Yes,Yes,No,No,No,No,No,No,Yes,No,No,Yes,Yes,No,No,No,Yes,Yes,"The claim involves storm-related damage and fire to a warehouse, but lacks supporting documentation, raising potential concerns for fraud and claim validity."
159,C-06376,P2,Request further information,synthetic gold; risk=0.43,SMB,EU,Advisory,50k-250k,No,Unknown,Yes,No,No,No,No,No,No,Yes,No,No,No,No,No,No data available,Yes,Yes,No,Yes,No,"The claim indicates significant regulatory engagement risks due to an acquisition, including potential cross-border complexities and missing documentation."
160,C-16405,P3,Reject claim,synthetic gold; risk=0.30,SMB,EU,Legal,<50k,No,Accepted,No,No,No,No,No,Yes,Yes,Yes,No,No,No,No,No,Yes,No,Yes,No,Yes,No,"The claim presents risks due to disputed jurisdiction and lack of supporting documentation, which complicates the evaluation and resolution process."
161,C-18573,P3,Reject claim,synthetic gold; risk=0.30,SMB,UK,Insurance,<50k,No,Rejected,No,Yes,No,Yes,No,No,No,No,No,No,No,No,No,Yes,No,No,No,Yes,No,"The claim presents risks due to business interruption implications and a compromised roof, compounded by the lack of supporting documentation and conflicting information from the client."
162,C-07183,P3,Reject claim,synthetic gold; risk=0.20,SMB,Other,Insurance,<50k,No,Accepted,No,No,No,No,No,No,No,No,No,No,No,No,No,Yes,No,No,No,Yes,No,"The claim has missing documentation, which makes it difficult to assess, and the required conditions for the claim appear to not be met."
163,C-03059,P3,Reject claim,synthetic gold; risk=0.17,SMB,UK,Advisory,<50k,yes,Accepted,No,No,No,No,No,No,No,No,No,No,No,No,No,Yes,No,No,No,Yes,No,"The claim lacks supporting documentation and necessary criteria have not been met, which may affect its validation."
164,C-19895,P3,Proceed with standard handling,synthetic gold; risk=0.36,Mid-Market,US,Insurance,50k-250k,yes,Rejected,No,No,No,No,No,No,No,No,No,Yes,No,No,No,No,No,No,No,No,No,"The claim involves storm-related damage to the roof, but it was previously rejected, indicating potential issues with coverage applicability perhaps due to exclusions."
165,C-16902,P3,Proceed with standard handling,synthetic gold; risk=0.20,SMB,UK,Insurance,<50k,yes,Accepted,No,Yes,No,No,No,No,No,No,No,No,No,No,No,No,No,No,No,No,Yes,"The claim involves a theft of equipment at commercial premises, which may suggest higher business-critical impact and mentions potential fraud, although no explicit details of fraud are provided."
166,C-12029,P3,Proceed with standard handling,synthetic gold; risk=0.32,Enterprise,UK,No data Available,<50k,yes,Unknown,No,No,No,No,No,No,Yes,No,No,No,No,No,No,No data available,No,No,Yes,No,No,The claim involves a formal letter from a counterparty requiring a time-sensitive response and indicates a legal dispute risk.
167,C-02430,P3,Proceed with standard handling,synthetic gold; risk=0.25,SMB,UK,Advisory,<50k,yes,Unknown,No,No,No,No,No,No,No,Yes,No,No,No,No,No,No,No,Yes,No,No,No,"The claim is associated with an acquisition involving stakeholders across multiple regions, indicating jurisdictional complexity and the presence of cross-border elements."
168,C-14831,P3,Proceed with standard handling,synthetic gold; risk=0.36,Mid-Market,US,Insurance,<50k,yes,Accepted,No,Yes,No,No,No,No,No,No,No,No data available,No,No,No,No,No,No,No data available,No,No,"There is a potential for business interruption due to the basement being affected, although there are no indications of legal complexities or fraud."
169,C-15951,P3,Reject claim,synthetic gold; risk=0.34,Mid-Market,US,Legal,<50k,yes,Unknown,Yes,No,No data available,No,No,Yes,Yes,Yes,No,No,No,No,No data available,Yes,No data available,Yes,No,Yes,No data available,"The claim has escalated to a legal dispute with jurisdictional complexities, lacking supporting documentation, which heightens the risk of legal exposure."
170,C-11833,P3,Proceed with standard handling,synthetic gold; risk=0.36,Mid-Market,EU,Legal,<50k,yes,Unknown,No,No,No,No,No,No,Yes,Yes,No,No,No,No,No,No,No data available,Yes,Yes,No,No,"The claim involves a time-sensitive formal letter from a counterparty, indicating legal disputes and overseas elements, which may pose a jurisdictional complexity."
171,C-13199,P3,Request further information,synthetic gold; risk=0.30,SMB,EU,Insurance,<50k,No,Unknown,No,Yes,No,No,No,No,No,No,No,No,No,No,No,No,No,No,No,Yes,No,"The claim indicates potential business interruption due to a compromised roof, though evidence is not yet supplied. The situation is minor but requires further documentation to assess risks appropriately."
172,C-10582,P3,Reject claim,synthetic gold; risk=0.18,Mid-Market,UK,Insurance,<50k,yes,Settled,No,No,No,No,No,No,No,No,No,Yes,No,No,No,No,No,No,No,No,No,"The claim is related to roof damage from heavy rainfall, with noted wear and tear. Exclusions may apply due to the nature of the damage."
173,C-01027,P3,Proceed with standard handling,synthetic gold; risk=0.18,Mid-Market,UK,Insurance,<50k,yes,Settled,No,No,No,No,No,No,No,No,No,No,No,No,No,No,No,No,No,No,No,"The claim involves a low-value incident at commercial premises with the basement affected, and it has been settled in the past without any significant risks."
174,C-07565,P3,Proceed with standard handling,synthetic gold; risk=0.30,SMB,EU,Legal,<50k,yes,Rejected,No,No,No,No,Yes,No,Yes,Yes,No,No,No,No,No,No,No,Yes,No,No,No,"The claim presents a complex employment dispute involving multiple parties and overseas elements, with risks related to legal disputes and jurisdictional complexity."
175,C-02868,P3,Reject claim,synthetic gold; risk=0.35,SMB,UK,Advisory,50k-250k,No,Unknown,No,No,No,Yes,No,No,No,No,No,No,No,No,No,Yes,No,No,No,Yes,No,"The claim presents conflicting information and lacks supporting documentation, indicating potential issues with required condition compliance."
176,C-08816,P3,Proceed with standard handling,synthetic gold; risk=0.24,Enterprise,US,Insurance,<50k,yes,Rejected,No,No,No,No,No,No,No,No,No,Yes,No,No,No,No,No,No,No,No,No,"The claim involves damage to a basement due to heavy rainfall, which is a common issue but has been rejected previously, indicating potential policy exclusions relevant to water damage."
177,C-08388,P3,Reject claim,synthetic gold; risk=0.38,SMB,UK,Insurance,<50k,No,Unknown,No,Yes,No,No,No,No,No,No,No,Yes,No,No,No,Yes,No,No,No,Yes,No,"The claim involves significant damage to a warehouse due to fire, likely exacerbated by heavy rainfall, which contributes to business-critical impact. However, the lack of supporting documentation raises concerns about required conditions not being met and potential issues related to exclusions."
178,C-03290,P3,Proceed with standard handling,synthetic gold; risk=0.25,SMB,EU,Advisory,<50k,yes,Unknown,Yes,No data available,No,No,No,No data available,No,No data available,No data available,No data available,No,No data available,No,No data available,Yes,No data available,No data available,No,No,The claim presents notable regulatory risks due to anticipated engagement with a regulator following an acquisition.
179,C-02257,P3,Proceed with standard handling,synthetic gold; risk=0.18,Mid-Market,US,Insurance,<50k,yes,Unknown,No,No,Yes,No,No,No,No,No,No,Yes,No,No,No data available,No,No,No,No,No,Yes,"The claim involves damage due to heavy rainfall, alongside reported theft of equipment, raising potential fraud concerns along with possible policy exclusions related to the incident."
180,C-07116,P3,Request further information,synthetic gold; risk=0.26,Mid-Market,UK,Insurance,<50k,No,Rejected,No,No,No,No,No,No,No,No,No,Yes,No,No,No,No,No,No,No,No,No,"The claim involves a minor loss event with a compromised roof and has been previously rejected, indicating potential issues related to policy exclusions."
181,C-17661,P3,Proceed with standard handling,synthetic gold; risk=0.20,SMB,UK,Insurance,<50k,yes,Unknown,No,No,No,No,No,No,No,No,No,Yes,No,No,No,No data available,No,No,No,No data available,No,"The claim indicates roof damage due to heavy rainfall, and there is a risk of policy exclusions related to weather events applying."
182,C-00192,P3,Proceed with standard handling,synthetic gold; risk=0.35,SMB,UK,Advisory,50k-250k,yes,Accepted,No,No,No,No,No,No data available,No,No data available,No data available,No data available,No,No,No,No,No data available,No data available,No,No,No,"The claim involves an operational risk assessment request with no specified timeline. It has been accepted historically, and there are no apparent major risks identified."
183,C-18932,P3,Reject claim,synthetic gold; risk=0.30,SMB,UK,Legal,<50k,No,Unknown,No,No,No,No,No,Yes,Yes,Yes,No,No,No,Yes,No data available,Yes,No,Yes,No,Yes,No,"The claim involves an employment dispute with disputed jurisdiction and lacks supporting documentation, indicating a risk of unclear policy interpretation and possible regulatory complexity."
184,C-09129,P3,Proceed with standard handling,synthetic gold; risk=0.23,Mid-Market,EU,Insurance,Unknown,yes,Unknown,No,No,No,Yes,No,No,No,Yes,No,No,No,No,No,No,No,Yes,No,No,No,"The claim presents potential risks due to conflicting information reported by the client and cross-border considerations, which may complicate the resolution process."
185,C-05409,P3,Proceed with standard handling,synthetic gold; risk=0.34,Enterprise,UK,Legal,<50k,yes,Unknown,No,No,No,Yes,No,Yes,Yes,Yes,No,No,No,No,No,No,No,Yes,No,No,No,"The claim involves an employment dispute with jurisdiction complexity and conflicting information regarding the legal framework. Although the value is low, the disputed jurisdiction could complicate resolution."
186,C-11694,P3,Reject claim,synthetic gold; risk=0.30,SMB,Other,Insurance,<50k,yes,Accepted,No,Yes,No data available,No,No,No,No,Yes,No,No data available,No,No,No,Yes,No,No,No,Yes,No,"The claim involves significant fire damage to a warehouse, indicating major financial implications for the business. However, it lacks supporting documentation, raising concerns about required conditions not being met."
187,C-10974,P3,Reject claim,synthetic gold; risk=0.28,SMB,US,Legal,<50k,yes,Accepted,No,No,No data available,No,No,No,Yes,No,No,No,No,No,No data available,Yes,No,No,No,Yes,Yes,"The claim presents some legal dispute risks based on the formal letter from the counterparty. However, it also reveals missing documentation and evidence, which could complicate the claim assessment."
188,C-08557,P3,Request further information,synthetic gold; risk=0.31,Mid-Market,UK,Advisory,<50k,No,Unknown,No,No,No,No,No,No,No,No,No,No,No,No,No,Yes,No,No,No,Yes,No,"The claim presents operational risks with no immediate disputes but lacks necessary documentation, indicating a potential issue in fulfilling claim requirements."
189,C-12901,P3,Proceed with standard handling,synthetic gold; risk=0.12,SMB,US,Insurance,<50k,yes,Settled,No,No,No,No,No,No,No,No,No,No,No,No,No,No,No,No,No,No,No,"The claim involves a minor water ingress incident affecting property and contents, which has been settled and does not present significant risks or complexities."
190,C-05369,P3,Proceed with standard handling,synthetic gold; risk=0.26,Mid-Market,UK,Insurance,<50k,yes,Unknown,No,No,No,No,No,No,No,No,No,No,No,No,No,No,No,No,No,No,Yes,"The claim involves storm-related damage with reported water ingress and a police reference, indicating possible further investigation related to the damage."
191,C-03459,P3,Proceed with standard handling,synthetic gold; risk=0.30,SMB,US,Insurance,50k-250k,yes,Unknown,No,No,Yes,Yes,No,No,No,No,No,No,No,No,No data available,No,No,No,No,No data available,Yes,"The claim shows potential signs of fraud and contains conflicting information from the client, which raises concerns about the validity of the reported theft."
192,C-14225,P3,Reject claim,synthetic gold; risk=0.35,SMB,UK,Advisory,50k-250k,No,Rejected,No,No,No,No,No,No,No,No,No,No,No,Yes,No,Yes,No,No,No,Yes,No,"The claim indicates missing documentation and unclear incident details, which may hinder proper assessment and support for the decision on risk controls."
193,C-06884,P3,Proceed with standard handling,synthetic gold; risk=0.28,Mid-Market,US,Insurance,<50k,yes,Unknown,No,Yes,No,No,No,No,No,No,No,No data available,No,No,No,No,No,No,No,No,No,"The claim indicates potential business interruption due to water ingress, which poses a risk of financial loss. A loss adjuster has been appointed to assess the situation."
194,C-14284,P3,Proceed with standard handling,synthetic gold; risk=0.31,Mid-Market,US,Advisory,<50k,yes,Accepted,Yes,No,No,No,No,No,No,No,No,No,No,No,No,No,Yes,No,No,No,No,"The client is seeking advice on regulatory exposure, which indicates a potential legal risk, but there is no immediate dispute or indication of fraud."
195,C-18543,P3,Reject claim,synthetic gold; risk=0.25,SMB,EU,Advisory,<50k,No,Unknown,No,No,No,No,No,No,No,Yes,No,Yes,No,No,No,No,No,Yes,No,Yes,No,"The claim presents potential risks related to jurisdictional complexity and exclusions due to wear and tear, with missing documentation that may require further assessment."
196,C-14273,P3,Proceed with standard handling,synthetic gold; risk=0.20,SMB,Other,Insurance,<50k,yes,Settled,No,No,No,No,No,No,No,No,No,No,No,No,No,No,No,No,No,No data available,Yes,"The claim involves a theft of equipment, which introduces concerns of potential fraud due to the nature of the incident."
197,C-19468,P3,Proceed with standard handling,synthetic gold; risk=0.34,Enterprise,US,Insurance,<50k,yes,Accepted,No,Yes,No,No,No,No,No,No,No,No,No,No,No,No data available,No,No,No,No,No,"The claim indicates potential business interruption due to basement damage from a small crack, which could result in significant operational impact."
198,C-01491,P3,Proceed with standard handling,synthetic gold; risk=0.36,Mid-Market,UK,Insurance,50k-250k,yes,Unknown,No,No,No,No,No,No,No,Yes,No,No,No,No,No,No,No,Yes,No,No,No,The claim indicates possible jurisdictional complexity due to overseas elements and may require careful evaluation regarding policy coverage.
199,C-09319,P3,Reject claim,synthetic gold; risk=0.26,Mid-Market,EU,Insurance,<50k,No,Rejected,No,No,No,No,No,No,No,No,No,No,No,Yes,Yes,Yes,No,No,No,Yes,No,"The claim is marked by missing documentation, including no policy documents, and lacks a clear incident description, raising concerns about its validity and adherence to policy requirements."
